customer_id,total_spend,avg_transaction_value,name,age,country,is_active
1,664.27,221.42333333333332,Allison Hill,32.0,UK,False
5,540.85,270.425,Kimberly Robinson,72.0,FRANCE,True
6,1266.13,316.5325,Sean Blake,21.0,USA,True
7,547.32,182.44000000000003,Gina Moore,45.0,NETHERLANDS,False
11,844.0799999999999,422.03999999999996,Mark Mcclure,53.0,GERMANY,False
13,1685.41,337.082,Victoria Wyatt,61.0,ITALY,True
14,691.6500000000001,345.82500000000005,Donald Reid,37.0,NETHERLANDS,False
15,846.9200000000001,423.46000000000004,Henry Santiago,61.0,USA,False
19,506.11,168.70333333333335,Amy Underwood,23.0,USA,False
21,624.69,312.345,Michelle Lewis,28.0,FRANCE,True
22,1163.74,290.935,Thomas Ellis,64.0,ITALY,True
27,813.0400000000001,271.0133333333334,Janice Carlson,53.0,ITALY,False
28,748.27,374.135,Tricia Valencia,64.0,USA,False
29,1202.7,300.675,Ashley Dyer,65.0,NETHERLANDS,True
31,866.78,433.39,Aaron Bowen,27.0,SPAIN,False
34,712.49,356.245,Brittany Farmer,52.0,FRANCE,False
36,1438.01,239.66833333333332,Alec Hickman,47.0,CANADA,True
41,1114.24,222.848,Tracey Hickman,68.0,GERMANY,True
46,828.1,207.025,Austin Johnson,46.0,FRANCE,False
52,592.99,296.495,James Morgan,66.0,CANADA,False
53,632.6,316.3,Corey Herrera,85.0,UK,True
56,790.57,263.52333333333337,Zachary Huff,32.0,UK,True
66,1632.42,326.48400000000004,Steve Sanchez,64.0,SPAIN,False
67,514.3900000000001,171.46333333333337,Bradley Sandoval,48.0,ITALY,True
75,858.67,286.2233333333333,Dr. Kendra Contreras,57.0,SPAIN,False
78,622.75,311.375,Larry Robbins,33.0,FRANCE,False
80,765.2099999999999,191.30249999999998,Sarah Davis,61.0,SPAIN,True
86,1140.3600000000001,285.09000000000003,Steven Flynn,83.0,ITALY,True
88,681.03,340.515,Richard Henson,45.0,SPAIN,True
89,707.8299999999999,353.91499999999996,Nicole Frost,78.0,ITALY,False
94,990.61,330.2033333333333,Shannon Walker,70.0,CANADA,True
95,666.3800000000001,333.19000000000005,Hannah Hoover,24.0,UK,True
104,692.22,346.11,Kimberly Ball,30.0,NETHERLANDS,True
112,758.96,189.74,Mary Marshall,51.0,UK,False
113,801.78,267.26,Kayla Leon,54.0,NETHERLANDS,False
117,1148.45,382.81666666666666,David Alvarez,25.0,UK,False
130,1388.17,347.0425,Cynthia Rogers,34.0,NETHERLANDS,False
132,522.5899999999999,261.29499999999996,Daniel Perry,27.0,UK,False
133,840.6300000000001,420.31500000000005,Jennifer Clark,76.0,ITALY,False
137,888.64,296.2133333333333,Jennifer Adkins,26.0,FRANCE,False
139,616.0999999999999,308.04999999999995,Allen Rogers,38.0,SPAIN,False
140,684.3,342.15,Misty Pittman,56.0,UK,False
141,848.83,424.415,Marcus Johnson,56.0,FRANCE,False
148,776.45,388.225,David Combs,50.0,ITALY,True
150,983.24,327.74666666666667,Julie Scott,53.0,USA,True
151,839.02,419.51,Lawrence Adkins,18.0,USA,True
155,871.36,290.4533333333333,Dana Terry,32.0,UK,True
158,640.0899999999999,213.36333333333332,Matthew Smith,73.0,FRANCE,False
160,609.0799999999999,304.53999999999996,Julia Hernandez,64.0,NETHERLANDS,True
163,1076.71,358.90333333333336,Debra Christian,63.0,USA,True
164,821.89,410.945,Diana Hayes,37.0,CANADA,False
168,503.03,167.67666666666665,Kellie Lee,70.0,USA,True
171,707.11,353.555,Daniel Holt,22.0,CANADA,False
173,736.62,368.31,Patrick Rivera,76.0,GERMANY,True
178,1098.53,219.706,Dr. Elizabeth Ward,26.0,NETHERLANDS,False
181,607.5699999999999,303.78499999999997,Ashley Smith,32.0,USA,True
183,1542.71,385.6775,Scott Wilson,22.0,GERMANY,False
184,623.4599999999999,207.81999999999996,Benjamin Soto,73.0,FRANCE,True
185,991.46,330.4866666666667,Robert Avery,58.0,SPAIN,True
186,534.53,267.265,Bailey Duran DDS,83.0,NETHERLANDS,True
188,1123.02,374.34,Scott Branch,50.0,UK,False
189,1501.54,375.385,Amy Choi,73.0,UK,True
192,1003.69,334.56333333333333,Jerry Wheeler,26.0,ITALY,True
193,525.86,262.93,Dwayne Campbell,58.0,USA,True
195,541.51,270.755,Leah Lara,70.0,UK,False
198,1113.37,371.1233333333333,Paul Carroll,71.0,GERMANY,False
199,809.5699999999999,404.78499999999997,John Torres,40.0,ITALY,True
203,641.1800000000001,320.59000000000003,Laurie Smith,59.0,FRANCE,False
205,720.11,360.055,Joseph Ramos,45.0,GERMANY,True
209,556.79,185.59666666666666,Matthew Morales DDS,57.0,NETHERLANDS,False
210,536.27,268.135,Ernest Morris,43.0,USA,False
218,1133.07,377.69,Julia Wilson,31.0,ITALY,False
221,1048.5,349.5,Charles Lee,24.0,GERMANY,False
225,799.37,266.45666666666665,Lauren Keller,74.0,UK,False
226,1356.57,339.1425,Joshua Reed,75.0,SPAIN,False
227,842.77,280.92333333333335,Jamie Cantu,78.0,ITALY,True
230,1077.73,359.24333333333334,Roberta Hughes,48.0,FRANCE,True
232,704.0,352.0,Vincent Rivera,54.0,NETHERLANDS,True
237,647.5,323.75,Kimberly Finley,37.0,ITALY,False
238,697.82,348.91,Olivia Brennan,26.0,SPAIN,True
241,1227.6799999999998,306.91999999999996,Ashlee Jackson,25.0,SPAIN,True
251,1064.61,354.86999999999995,Ashley James,61.0,UK,True
256,646.39,323.195,Colleen Lee,35.0,UK,True
257,721.24,360.62,Michelle Hopkins,41.0,UK,True
258,794.34,264.78000000000003,Brent Burton,51.0,GERMANY,True
262,964.9200000000001,241.23000000000002,Susan Rivas,53.0,NETHERLANDS,False
263,930.3,310.09999999999997,Terry Coffey,50.0,CANADA,False
265,669.4300000000001,334.71500000000003,Vincent Dalton,24.0,CANADA,False
273,633.67,211.22333333333333,Charles Shah,50.0,NETHERLANDS,False
274,638.4000000000001,212.80000000000004,Audrey Young DDS,39.0,ITALY,False
278,1215.71,303.9275,Diana Vaughn,68.0,ITALY,False
281,821.1500000000001,410.57500000000005,Colton Martinez,33.0,SPAIN,False
285,646.45,323.225,Daniel Kane,19.0,FRANCE,False
292,773.21,386.605,Kevin Hayes,73.0,CANADA,False
293,622.84,311.42,Amanda Logan,59.0,NETHERLANDS,False
299,894.27,223.5675,Kerry Chavez DDS,41.0,FRANCE,True
300,685.0899999999999,137.01799999999997,Ashley Pena,45.0,USA,False
306,729.49,364.745,Jacqueline Anderson,48.0,CANADA,False
307,659.49,219.83,Kristina Rivera,80.0,USA,True
311,760.39,380.195,Courtney Rodriguez,57.0,ITALY,True
315,563.89,281.945,Sandra Adams,52.0,SPAIN,True
318,878.49,439.245,Patrick Bonilla,58.0,NETHERLANDS,True
320,1148.72,382.9066666666667,Eric Nguyen,45.0,GERMANY,False
323,1987.8600000000001,397.572,Karla Ramos,55.0,ITALY,False
324,1137.81,379.27,Jose Reed,64.0,FRANCE,True
326,903.4,451.7,Daniel Joyce,34.0,UK,True
327,750.5999999999999,250.19999999999996,Eric Clark,23.0,ITALY,False
331,692.84,230.9466666666667,Scott Williams,78.0,UK,False
333,708.8399999999999,177.20999999999998,Michelle Butler,41.0,FRANCE,True
335,974.98,324.99333333333334,Sandra Gillespie,32.0,NETHERLANDS,False
340,677.95,338.975,Tyler Brewer,49.0,USA,False
342,962.71,192.542,Peter Jones,84.0,GERMANY,False
344,894.1700000000001,298.0566666666667,Melanie Macias,56.0,USA,False
347,759.82,151.964,Donald Brown,45.0,GERMANY,True
355,691.44,172.86,Carrie Wright,54.0,CANADA,False
356,602.4000000000001,301.20000000000005,Kelly Bishop MD,27.0,ITALY,True
361,551.32,275.66,Kevin Thomas,27.0,GERMANY,False
362,1133.0,377.6666666666667,Matthew Bates,39.0,USA,False
367,760.5,380.25,Christopher Lewis,74.0,SPAIN,True
371,1259.26,314.815,Ralph Anderson,47.0,CANADA,True
372,622.21,311.105,Christopher Schwartz,52.0,SPAIN,True
375,723.19,241.06333333333336,Paul Cole,53.0,SPAIN,False
377,878.4200000000001,439.21000000000004,Holly Valentine,29.0,SPAIN,True
381,983.99,245.9975,Timothy Dawson,60.0,UK,True
382,770.26,385.13,Dominique Hines,81.0,NETHERLANDS,False
383,1051.06,350.3533333333333,Jose Guerra,69.0,CANADA,True
385,917.6,229.4,Jennifer Sanders,58.0,USA,True
390,1281.76,320.44,Aaron Miller,84.0,CANADA,False
392,963.39,240.8475,Ashley Roberts,24.0,USA,True
400,600.52,150.13,Mark Zavala,32.0,USA,True
404,806.27,268.75666666666666,Carrie Maxwell,71.0,UK,True
405,595.36,297.68,Mrs. Catherine Taylor,78.0,NETHERLANDS,True
413,745.39,372.695,Holly Salinas,56.0,USA,False
418,1511.0900000000001,377.77250000000004,Heather Bolton,42.0,SPAIN,False
419,504.56,168.18666666666667,Rebecca Brown,67.0,GERMANY,True
420,594.73,297.365,Heidi Owen,70.0,SPAIN,False
425,722.53,240.84333333333333,Billy Taylor,82.0,NETHERLANDS,False
430,627.8199999999999,313.90999999999997,Chad Jones,27.0,SPAIN,True
432,787.3299999999999,393.66499999999996,Victoria Contreras,68.0,NETHERLANDS,False
434,1179.67,294.9175,Michael Graves,58.0,USA,True
443,753.61,251.20333333333335,Thomas Brown,55.0,UK,True
445,713.03,356.515,Hannah Everett,36.0,NETHERLANDS,True
447,556.1,185.36666666666667,Beth Turner,41.0,GERMANY,False
450,1275.83,318.9575,Thomas Williams,81.0,SPAIN,True
454,566.99,188.99666666666667,Elizabeth Sanchez,77.0,UK,False
455,639.1800000000001,319.59000000000003,Elizabeth Jones,38.0,SPAIN,False
456,671.72,335.86,Jason Marshall,74.0,NETHERLANDS,False
459,538.76,269.38,Emma Owens,56.0,GERMANY,True
463,527.6700000000001,263.83500000000004,Phillip Jimenez,55.0,GERMANY,False
465,653.84,217.9466666666667,Kathy Levy,53.0,FRANCE,False
466,731.63,243.87666666666667,Amber Campbell,24.0,FRANCE,False
472,1702.25,340.45,Lisa Carr,74.0,ITALY,True
480,858.13,286.04333333333335,Justin Wells Jr.,79.0,ITALY,False
489,563.66,281.83,Tami Salas,66.0,GERMANY,True
492,938.9200000000001,312.97333333333336,Julia Patel,59.0,FRANCE,False
499,1221.58,305.395,William Cardenas,48.0,UK,False
502,1766.29,252.32714285714286,Cindy Clayton,37.0,ITALY,False
503,562.51,281.255,Melissa Taylor,30.0,USA,True
506,879.5999999999999,439.79999999999995,John Maldonado,45.0,SPAIN,True
512,551.62,183.87333333333333,Jennifer Monroe,33.0,CANADA,True
513,639.4399999999999,319.71999999999997,Yolanda Sanders,29.0,UK,False
515,677.91,225.97,Alexandra Bradley,60.0,CANADA,False
518,562.98,281.49,Denise Lamb,45.0,FRANCE,True
519,687.36,343.68,Jimmy Scott,60.0,ITALY,False
521,685.1800000000001,228.39333333333335,Casey Chase,36.0,USA,True
525,1335.46,333.865,Tiffany Turner,63.0,FRANCE,True
531,691.8399999999999,172.95999999999998,Paul Obrien,75.0,CANADA,True
532,536.19,268.095,Susan Todd,83.0,GERMANY,True
533,704.3199999999999,352.15999999999997,Colleen Wright,75.0,USA,True
534,701.0,350.5,Rachel Fox,23.0,GERMANY,True
536,704.79,352.395,Stephanie Harris,25.0,ITALY,False
541,1322.47,330.6175,Miranda Foster,36.0,SPAIN,True
544,778.73,194.6825,Victoria Kennedy,85.0,SPAIN,False
547,579.99,289.995,Thomas Bennett,45.0,GERMANY,True
548,681.64,170.41,Mary Ryan,75.0,ITALY,True
552,974.51,243.6275,Kim Morrow,58.0,ITALY,False
557,543.9100000000001,271.95500000000004,Shelby Sanchez,29.0,GERMANY,True
561,989.8199999999999,329.94,Sabrina Young,70.0,SPAIN,False
567,557.5699999999999,278.78499999999997,Clinton Medina,46.0,NETHERLANDS,False
571,776.44,388.22,Bob Cole,21.0,USA,True
573,504.15,252.075,Larry Williams,52.0,UK,False
577,636.19,318.095,Zachary Mendoza,26.0,UK,False
578,603.66,301.83,Michele Sanders,21.0,NETHERLANDS,True
579,791.8299999999999,395.91499999999996,Patricia James,85.0,CANADA,False
590,806.95,403.475,Wanda Bernard,52.0,USA,False
592,695.71,347.855,Aaron Taylor,62.0,ITALY,True
602,1143.8799999999999,285.96999999999997,Michael Evans,81.0,NETHERLANDS,False
606,739.51,246.50333333333333,Maria Rivera,27.0,ITALY,False
607,1000.05,250.0125,Stephanie Ellison,23.0,UK,True
609,650.03,325.015,Thomas Cohen,27.0,NETHERLANDS,True
610,672.15,224.04999999999998,Kristy Johnson,72.0,UK,False
612,799.86,266.62,Michelle Sanders,32.0,FRANCE,True
619,682.55,341.275,Rachel Hayes,68.0,SPAIN,False
623,1556.02,311.204,Richard Moore,85.0,ITALY,True
624,1098.08,366.02666666666664,Brian Smith,62.0,GERMANY,True
626,775.1400000000001,258.38000000000005,Jerry Peters,31.0,GERMANY,True
627,617.14,205.71333333333334,Brandon Spencer,50.0,FRANCE,True
628,562.41,281.205,Erika Cruz,40.0,SPAIN,True
630,586.11,293.055,Vanessa Armstrong,81.0,FRANCE,False
631,559.1500000000001,279.57500000000005,Caroline Adams,75.0,SPAIN,True
633,523.99,261.995,Heather Raymond,74.0,NETHERLANDS,False
634,524.85,262.425,Linda Gonzalez,78.0,ITALY,True
641,1409.79,469.93,Erika Ramirez,54.0,GERMANY,True
644,806.8499999999999,268.95,Michael Gonzales,75.0,USA,True
646,1161.87,232.37399999999997,Jonathan Schultz,82.0,ITALY,True
648,741.87,370.935,William Mendoza,31.0,ITALY,True
651,763.66,254.5533333333333,Linda Rocha,74.0,FRANCE,True
653,1042.3500000000001,260.58750000000003,Kristine Newman,64.0,SPAIN,False
665,570.37,285.185,Christopher Moore,66.0,CANADA,False
668,1295.4299999999998,431.80999999999995,Sonya Cole,20.0,NETHERLANDS,True
671,587.65,195.88333333333333,Chelsea Nguyen,80.0,USA,True
672,978.65,326.21666666666664,Michael Burns,46.0,USA,False
674,1014.8100000000001,338.27000000000004,Ryan Williamson,55.0,FRANCE,False
675,1249.58,312.395,Rebecca Sellers,82.0,CANADA,True
676,952.48,476.24,Cesar Wilson,61.0,SPAIN,False
680,891.56,445.78,Katherine Taylor,23.0,SPAIN,False
683,962.8199999999999,320.94,Kathleen Cohen,75.0,UK,True
684,529.13,264.565,Jill Jackson,48.0,UK,True
685,664.41,332.205,Philip Carter,78.0,UK,False
689,616.6800000000001,308.34000000000003,Nicole Wolf,38.0,GERMANY,True
692,620.42,310.21,Gregory Montoya,65.0,UK,True
700,751.1600000000001,250.38666666666668,Anthony Ramirez,71.0,ITALY,True
708,1842.05,263.15,Melissa Horn,54.0,USA,False
709,611.64,305.82,Claudia Jordan,35.0,UK,False
711,568.29,284.145,Karina Cooper,28.0,CANADA,True
712,928.54,309.5133333333333,Amber Sims,50.0,ITALY,False
714,1123.15,224.63000000000002,William Patterson,32.0,UK,False
719,1141.18,285.295,Brandon Davis,32.0,SPAIN,True
721,1043.8600000000001,347.9533333333334,Adam Cooper,36.0,FRANCE,False
723,899.97,224.9925,Robert Garcia,63.0,CANADA,False
725,1517.18,379.295,Margaret Byrd,28.0,UK,False
727,1042.76,347.58666666666664,Daniel Goodman,67.0,SPAIN,False
736,636.97,212.32333333333335,Brian Porter MD,77.0,FRANCE,True
738,653.36,326.68,Scott Carroll,26.0,FRANCE,True
740,1852.85,264.6928571428571,Kevin Smith,43.0,UK,True
742,529.08,176.36,Micheal Wang,58.0,ITALY,True
755,549.4300000000001,274.71500000000003,Austin Joseph,28.0,UK,True
770,545.98,272.99,Steven Hodges,74.0,SPAIN,True
772,779.77,194.9425,Ryan Wiley,48.0,USA,True
779,578.81,289.405,Jennifer Vargas,68.0,UK,True
781,668.63,167.1575,Tammy Long,32.0,SPAIN,False
784,663.85,331.925,Christopher Owens,33.0,FRANCE,False
787,1000.9300000000001,250.23250000000002,Elizabeth Bush,80.0,CANADA,False
788,669.34,334.67,Russell Murphy,33.0,USA,False
796,1357.21,339.3025,Alison Brown,33.0,ITALY,True
801,724.43,241.47666666666666,Terry Hill,29.0,USA,False
802,907.2,302.40000000000003,Amanda Harvey,57.0,UK,False
806,748.8299999999999,249.60999999999999,Alicia Reyes,27.0,GERMANY,False
810,619.6800000000001,309.84000000000003,Robert Ruiz,82.0,ITALY,True
811,518.73,259.365,Yvonne Dickson,33.0,SPAIN,True
818,904.83,226.2075,Travis Copeland,34.0,USA,False
819,1743.55,290.59166666666664,Katherine Parker,29.0,SPAIN,False
822,1097.29,274.3225,Gina Thompson,21.0,NETHERLANDS,False
829,535.72,267.86,Melissa Mcfarland,76.0,CANADA,True
830,683.05,170.7625,Max Olsen,25.0,FRANCE,True
832,1328.49,332.1225,Michael Berry,79.0,CANADA,False
837,507.31,169.10333333333332,Meagan Daniel,65.0,UK,True
838,912.28,228.07,Derek Wright,58.0,FRANCE,True
839,1008.53,336.1766666666667,Richard Le,77.0,USA,False
843,673.29,336.645,Courtney Hayes,55.0,CANADA,True
849,926.79,308.93,Anthony Rivera,81.0,SPAIN,False
857,714.21,357.105,Anna Stephens,54.0,UK,False
867,545.26,272.63,Travis Cole,34.0,USA,True
870,919.0899999999999,306.3633333333333,Sandra Scott,36.0,CANADA,False
871,974.31,324.77,Renee Miller,83.0,GERMANY,True
872,650.65,162.6625,Gabriel Hill,82.0,USA,True
875,563.23,281.615,Lauren Hanna,78.0,UK,False
879,610.5,305.25,Jamie Montgomery,56.0,NETHERLANDS,False
884,658.49,164.6225,Sean Taylor,71.0,GERMANY,True
897,647.47,323.735,Dominique Hughes,84.0,SPAIN,True
899,589.38,294.69,Megan Adams,85.0,NETHERLANDS,False
901,802.12,401.06,Thomas Holland,76.0,NETHERLANDS,False
915,704.46,352.23,Laura Lee,62.0,FRANCE,True
917,553.53,276.765,Megan Romero,45.0,UK,False
919,581.6600000000001,193.88666666666668,Carl Green,35.0,FRANCE,True
924,945.1700000000001,315.0566666666667,Mark Carpenter,60.0,GERMANY,True
926,960.85,240.2125,Kendra Gutierrez,18.0,FRANCE,True
928,742.23,371.115,Dr. Victoria Thomas,79.0,SPAIN,True
932,739.28,246.42666666666665,Penny Anderson,22.0,GERMANY,False
941,536.38,268.19,Steven Howard,35.0,SPAIN,False
945,1047.42,349.14000000000004,Amanda Mcdowell,50.0,UK,False
948,548.59,274.295,Jeremy Martinez,40.0,FRANCE,False
949,629.6800000000001,314.84000000000003,Christian Neal,72.0,USA,True
950,1088.31,272.0775,Jason Garcia,29.0,CANADA,True
953,675.01,337.505,Brian Gonzalez,59.0,ITALY,False
954,638.79,319.395,Sandra Dudley,18.0,UK,True
955,672.11,168.0275,Elizabeth Williams,67.0,GERMANY,True
963,537.05,268.525,Anna Chang,82.0,ITALY,False
964,742.71,371.355,Charles Holland,33.0,USA,False
966,1554.3000000000002,259.05,Jacqueline Cooper,46.0,ITALY,False
971,1828.53,304.755,Meghan White,28.0,FRANCE,True
973,1090.52,363.50666666666666,Valerie Anderson,27.0,SPAIN,True
976,622.69,207.56333333333336,Misty Walker,59.0,FRANCE,False
983,690.09,230.03,Amber Walker,77.0,CANADA,False
988,1046.46,348.82,Rebecca Richmond,62.0,USA,False
990,746.6,373.3,Glen Bryan,78.0,GERMANY,False
992,541.81,270.905,Michelle Cox,41.0,UK,True
994,1006.99,335.66333333333336,Mark Marsh,66.0,SPAIN,True
996,1700.6399999999999,242.9485714285714,Rodney Newton MD,28.0,SPAIN,True
1000,1071.24,267.81,Barbara Snow,46.0,ITALY,True
1004,956.96,478.48,Melissa Thompson,49.0,ITALY,False
1007,558.8399999999999,186.27999999999997,Pamela Hill,32.0,UK,True
1009,571.94,285.97,Stacey Hunt,48.0,NETHERLANDS,True
1010,1313.6799999999998,437.89333333333326,Shannon Joseph,26.0,UK,True
1012,712.47,178.1175,Gregory Chambers,24.0,ITALY,False
1017,778.1600000000001,194.54000000000002,Kelly Johnson,47.0,CANADA,True
1021,715.24,357.62,Robert Garcia,70.0,USA,True
1025,902.19,451.095,Tyler Daugherty,62.0,NETHERLANDS,True
1027,693.6800000000001,346.84000000000003,Priscilla Berg,71.0,SPAIN,False
1034,826.27,413.135,Brittney Hernandez,71.0,GERMANY,False
1035,503.83000000000004,167.94333333333336,Patricia Garrett,67.0,SPAIN,True
1042,1476.82,369.205,Veronica Smith,27.0,ITALY,True
1044,771.4,257.1333333333333,Tina Fleming,44.0,ITALY,False
1049,649.53,216.51,Brendan Bonilla,68.0,FRANCE,False
1050,738.8199999999999,246.2733333333333,Adrienne Jones,59.0,SPAIN,True
1051,880.37,293.45666666666665,Christy Jennings,66.0,NETHERLANDS,False
1053,704.88,352.44,Maria Case,51.0,UK,False
1055,1264.1299999999999,316.03249999999997,Anthony Bauer,77.0,USA,True
1063,502.71000000000004,167.57000000000002,Joseph Taylor,43.0,CANADA,False
1071,778.61,194.6525,Daniel Davenport,41.0,USA,False
1081,745.9200000000001,248.64000000000001,Jessica Larsen,20.0,SPAIN,False
1084,1060.04,265.01,Angela Ramirez,54.0,NETHERLANDS,True
1088,536.3,178.76666666666665,Christy Johnson,48.0,ITALY,False
1097,885.76,442.88,Arthur Wood Jr.,66.0,ITALY,True
1098,1417.55,283.51,Rebecca Hughes,78.0,UK,True
1101,825.89,412.945,Deborah Stephens,73.0,CANADA,True
1108,528.71,176.23666666666668,Mary Perry,20.0,CANADA,False
1109,659.57,219.85666666666668,Karen Mendoza,36.0,SPAIN,False
1111,759.8299999999999,379.91499999999996,Kenneth Martin,38.0,SPAIN,True
1116,791.24,263.74666666666667,Kaitlin Olson,73.0,UK,False
1120,742.05,371.025,James Anderson,75.0,NETHERLANDS,False
1122,1176.8400000000001,294.21000000000004,Lisa Thompson,66.0,SPAIN,True
1128,872.0,290.6666666666667,Dr. Gregory Ballard,37.0,FRANCE,True
1129,1449.26,241.54333333333332,Melissa Davis,58.0,GERMANY,False
1141,874.07,437.035,Tiffany Garcia,55.0,USA,True
1144,540.16,270.08,Brandon Thomas,66.0,ITALY,True
1146,683.52,227.84,Andrew Cruz,56.0,ITALY,True
1147,859.9100000000001,286.6366666666667,Kelly Dawson,81.0,GERMANY,False
1151,812.8,406.4,Crystal Jackson,79.0,ITALY,False
1154,689.6,344.8,Adrian Padilla,43.0,SPAIN,False
1160,946.97,315.6566666666667,Deanna Medina,73.0,UK,False
1163,805.21,402.605,Kevin Johnson,58.0,NETHERLANDS,True
1165,598.28,299.14,Crystal Stewart,55.0,GERMANY,False
1167,779.21,389.605,Brandon Nunez,66.0,UK,False
1169,712.23,178.0575,Steven Adams,32.0,NETHERLANDS,False
1170,701.6800000000001,233.89333333333335,Tara Lee,41.0,UK,False
1171,702.12,351.06,Nicolas Salas,77.0,USA,False
1173,531.19,177.06333333333336,Brian Mora,26.0,GERMANY,True
1177,764.3499999999999,254.7833333333333,Katherine Joyce,72.0,ITALY,True
1182,818.8,272.93333333333334,Adam Craig,28.0,NETHERLANDS,True
1183,1381.6,276.32,Erika Salazar,49.0,CANADA,True
1185,592.97,296.485,Clinton Coleman,69.0,FRANCE,True
1190,698.95,232.98333333333335,Brittany Shaffer,75.0,GERMANY,False
1193,1171.3500000000001,292.83750000000003,Scott Williams,62.0,CANADA,True
1198,621.9200000000001,207.3066666666667,Christina Johnston,57.0,USA,False
1199,526.37,263.185,Veronica Mitchell,76.0,UK,True
1202,2744.64,392.09142857142854,Christopher Morton,30.0,CANADA,True
1207,1146.95,286.7375,Kelly Cole,31.0,UK,True
1208,574.62,287.31,Alexander Luna,49.0,GERMANY,False
1209,675.5699999999999,225.18999999999997,Patrick Brady,38.0,GERMANY,True
1211,789.21,263.07,Anthony Wise,47.0,USA,True
1213,642.02,321.01,Timothy Price,73.0,USA,False
1216,527.25,263.625,Erika Alvarez,67.0,NETHERLANDS,False
1217,554.09,277.045,Denise Wallace,45.0,NETHERLANDS,False
1223,1263.26,252.652,Brandy Mitchell,80.0,NETHERLANDS,False
1225,571.34,285.67,Ralph Yates,32.0,USA,True
1229,513.75,171.25,Mario Black,58.0,SPAIN,True
1234,1043.2,347.73333333333335,Alec Williams,71.0,GERMANY,True
1243,758.3000000000001,151.66000000000003,William Wright,35.0,CANADA,True
1248,1351.03,270.206,Anthony Estrada,28.0,CANADA,True
1255,1697.88,339.576,John Stewart,64.0,NETHERLANDS,False
1256,1159.6299999999999,289.90749999999997,Nicole Trujillo,74.0,CANADA,False
1257,1153.83,384.60999999999996,Alison Gray,72.0,UK,False
1258,778.9300000000001,389.46500000000003,Steven Washington,49.0,UK,True
1261,512.89,256.445,Linda Valencia,29.0,USA,False
1264,535.95,178.65,Cody Smith,72.0,CANADA,False
1270,929.76,309.92,Christina Washington,52.0,UK,False
1280,501.40999999999997,250.70499999999998,Matthew Hudson,29.0,SPAIN,True
1281,633.63,316.815,Paul Perry,83.0,GERMANY,False
1283,561.28,280.64,Sonya Jackson,80.0,UK,True
1286,1554.15,259.02500000000003,Jennifer Schultz,26.0,USA,True
1287,522.53,174.17666666666665,Lisa Hart,45.0,NETHERLANDS,True
1290,846.89,282.2966666666667,Duane Smith,54.0,ITALY,False
1300,670.47,223.49,Jane Deleon,53.0,ITALY,False
1304,537.3299999999999,268.66499999999996,Amy Warren,68.0,GERMANY,True
1305,1230.35,246.07,Brittany Shaw,47.0,NETHERLANDS,False
1307,1038.44,207.68800000000002,Laura Davis,18.0,SPAIN,False
1309,726.37,363.185,Patrick Kelley,34.0,CANADA,False
1310,1136.77,378.92333333333335,Jonathan Ayala,84.0,USA,False
1312,1018.4200000000001,339.47333333333336,Christina Gilbert,61.0,NETHERLANDS,False
1313,554.8299999999999,277.41499999999996,Dana Adams,72.0,GERMANY,True
1314,811.9200000000001,162.38400000000001,Thomas Davis,79.0,CANADA,False
1323,1474.29,368.5725,Joshua Harris,62.0,USA,True
1324,1074.77,358.25666666666666,Kimberly Dean,37.0,NETHERLANDS,False
1326,785.01,261.67,Amanda Jackson,29.0,SPAIN,False
1330,605.4,201.79999999999998,Sean Banks,35.0,ITALY,True
1337,878.06,292.68666666666667,Antonio Scott,81.0,FRANCE,False
1338,914.47,304.8233333333333,Robin Johnson,32.0,NETHERLANDS,True
1340,719.64,359.82,Anita Reyes,85.0,USA,False
1345,1358.81,339.7025,Michael Mills,27.0,FRANCE,True
1350,917.0,305.6666666666667,Tonya Turner,82.0,CANADA,False
1356,782.21,391.105,Julie Banks,37.0,ITALY,False
1357,1088.5700000000002,362.85666666666674,Katherine Taylor,68.0,UK,False
1364,1464.73,366.1825,Laura Herrera,33.0,FRANCE,True
1367,779.55,259.84999999999997,Jennifer Moss,62.0,GERMANY,False
1368,2365.88,337.98285714285714,Phillip Estes,39.0,FRANCE,True
1372,1059.41,353.1366666666667,Ann Mason,52.0,UK,False
1373,521.8100000000001,260.90500000000003,Teresa Horton,51.0,NETHERLANDS,True
1374,706.88,353.44,Frank Johnson,81.0,UK,True
1375,557.64,185.88,Michelle Harris,83.0,SPAIN,False
1376,664.7800000000001,166.19500000000002,Fred Wong,25.0,CANADA,True
1380,540.07,270.035,Joshua Williams,47.0,FRANCE,True
1391,828.28,276.0933333333333,Andrew Lane,82.0,GERMANY,True
1393,602.46,301.23,Candace Mitchell DDS,84.0,USA,True
1403,587.4,293.7,Heather Anderson DDS,49.0,FRANCE,False
1408,1114.73,371.57666666666665,Gregory Shaffer,66.0,ITALY,True
1412,559.0,279.5,Toni Collier,25.0,CANADA,False
1413,1149.26,287.315,George Chambers,53.0,NETHERLANDS,True
1417,1157.41,289.3525,Elizabeth Hardy,28.0,NETHERLANDS,False
1422,832.25,277.4166666666667,Sharon Walton,55.0,CANADA,False
1424,621.09,310.545,David Hayes DVM,59.0,USA,False
1427,752.27,188.0675,Susan Moore,43.0,UK,False
1428,525.37,175.12333333333333,Morgan Mills,31.0,UK,False
1432,934.04,467.02,Andrew Charles,33.0,GERMANY,False
1436,912.1300000000001,304.04333333333335,Joseph Mejia,29.0,NETHERLANDS,False
1441,1288.95,429.65000000000003,Gina Wallace,68.0,UK,True
1442,579.33,193.11,Steven Williams,56.0,ITALY,True
1444,628.27,314.135,Lori Vaughn,69.0,CANADA,False
1451,1199.62,239.92399999999998,Jenna Lyons,65.0,NETHERLANDS,True
1464,803.5799999999999,401.78999999999996,Kyle Jennings,53.0,ITALY,False
1465,652.8,217.6,Jamie Snyder,75.0,SPAIN,True
1468,701.3399999999999,233.77999999999997,Jodi Carter,70.0,ITALY,True
1470,786.01,393.005,Robert Frazier,53.0,FRANCE,True
1477,976.61,195.322,Jeffrey Clark,67.0,CANADA,True
1479,506.14,253.07,Jason Roberts,58.0,CANADA,True
1483,823.27,205.8175,Melissa Conrad,47.0,NETHERLANDS,False
1485,703.54,234.51333333333332,Darius Coleman,48.0,UK,False
1489,562.8199999999999,187.60666666666665,Tonya Miller,48.0,NETHERLANDS,False
1493,949.36,316.4533333333333,Mark Yates,57.0,CANADA,False
1497,720.5,240.16666666666666,Andrew Livingston,20.0,CANADA,True
1500,974.3,243.575,Lori Mitchell,61.0,USA,False
1503,804.49,268.16333333333336,Lindsey Kent,36.0,USA,False
1510,785.26,261.75333333333333,Nicole Wilson,80.0,SPAIN,True
1520,1127.18,281.795,Chloe Rogers,60.0,CANADA,True
1522,1523.94,380.985,Brent Garcia,58.0,SPAIN,False
1524,658.7,219.5666666666667,Brandon Mays,75.0,GERMANY,True
1525,665.38,332.69,Claire Greene,51.0,CANADA,False
1526,725.07,362.535,Barbara Gates,49.0,GERMANY,False
1528,699.6200000000001,233.2066666666667,Stephanie Dominguez,31.0,USA,True
1530,998.51,332.83666666666664,Destiny Simmons,74.0,ITALY,True
1531,1188.0500000000002,237.61000000000004,Patricia Scott,39.0,USA,False
1538,734.48,183.62,Steven Hernandez,20.0,FRANCE,False
1543,747.4100000000001,373.70500000000004,James Norris,29.0,NETHERLANDS,True
1549,596.55,298.275,James Rodriguez,42.0,CANADA,True
1554,623.5,311.75,Alexis Morgan,37.0,USA,True
1557,687.12,343.56,Brittany Riley,55.0,USA,True
1560,845.4200000000001,211.35500000000002,Alexis Chen,39.0,SPAIN,False
1563,810.16,270.05333333333334,Robert Walker PhD,68.0,NETHERLANDS,False
1565,660.7,165.175,William Johnston,29.0,SPAIN,True
1567,678.87,339.435,Gabriela Martinez,66.0,USA,False
1568,647.54,323.77,Carol Wood,41.0,USA,False
1574,735.24,367.62,Charles Nelson,28.0,FRANCE,False
1575,652.62,326.31,Todd Bishop,70.0,CANADA,False
1577,605.13,201.71,Rachel Bailey,84.0,NETHERLANDS,False
1578,745.7,248.5666666666667,Cheryl Downs,78.0,SPAIN,False
1582,654.56,327.28,Kara Thompson,33.0,ITALY,False
1584,574.0,287.0,Geoffrey Trujillo,45.0,UK,False
1586,771.25,192.8125,Richard Washington,72.0,NETHERLANDS,True
1594,604.5400000000001,201.51333333333335,Christina Martinez,32.0,GERMANY,True
1596,671.04,335.52,Christopher Cooper,30.0,NETHERLANDS,False
1605,583.6800000000001,291.84000000000003,James Pacheco,60.0,CANADA,True
1607,1279.52,426.50666666666666,Melissa Russell,52.0,SPAIN,False
1612,608.81,202.93666666666664,Jacqueline Marshall,35.0,ITALY,True
1615,837.98,279.32666666666665,Lisa Johnston,29.0,CANADA,True
1622,619.72,309.86,Shelby Warner,35.0,NETHERLANDS,True
1623,831.19,415.595,Courtney Gomez,40.0,SPAIN,False
1624,625.87,312.935,Jenny Brown,43.0,FRANCE,True
1626,577.8399999999999,192.61333333333332,Joseph Bryan,76.0,CANADA,True
1627,1019.28,339.76,Marc Marsh,64.0,SPAIN,False
1628,606.36,303.18,Vanessa Ware,53.0,ITALY,False
1634,517.18,258.59,Oscar Smith,62.0,USA,True
1645,1079.38,359.79333333333335,Jessica Wood,19.0,NETHERLANDS,True
1657,513.4,256.7,Lauren Walker,53.0,NETHERLANDS,True
1664,797.03,398.515,Cindy Barron,55.0,UK,True
1667,518.79,259.395,Briana Turner,42.0,NETHERLANDS,False
1668,875.5799999999999,218.89499999999998,Gabriela Fitzpatrick,46.0,UK,False
1672,984.89,246.2225,John Carson,78.0,GERMANY,True
1673,876.4200000000001,219.10500000000002,Elizabeth Hansen,51.0,FRANCE,True
1675,615.09,307.545,Sandra Kennedy,46.0,FRANCE,True
1686,642.79,214.26333333333332,Linda Jackson,37.0,GERMANY,True
1689,513.8,256.9,Samantha Smith,36.0,UK,False
1692,671.24,335.62,Rebecca Hansen,40.0,USA,False
1695,722.75,361.375,Robert Mclean,44.0,USA,True
1704,906.01,453.005,Eric Smith,85.0,ITALY,False
1706,1299.1399999999999,259.828,Michael Johnson,49.0,ITALY,False
1707,716.97,358.485,Teresa Rush,62.0,ITALY,True
1714,510.16,255.08,Catherine Kelly,73.0,NETHERLANDS,True
1720,511.47,255.735,Donna Wyatt,45.0,CANADA,True
1726,828.75,276.25,William Morgan,20.0,FRANCE,True
1729,713.52,356.76,Nicole Owen,33.0,NETHERLANDS,False
1731,641.37,320.685,Ms. Brittany Gibson,44.0,UK,False
1732,1132.98,283.245,Jonathan Fuller,56.0,USA,False
1741,1180.72,393.5733333333333,Andrew Thompson,55.0,UK,True
1743,903.1499999999999,301.04999999999995,Erik Price,44.0,SPAIN,True
1748,811.77,405.885,Kevin Anderson,29.0,GERMANY,False
1750,520.9300000000001,260.46500000000003,Jamie Patterson,47.0,ITALY,True
1752,623.69,311.845,Leslie Lozano,77.0,GERMANY,True
1757,618.89,309.445,Brent Freeman,30.0,USA,True
1763,527.64,263.82,Anna Richard,41.0,FRANCE,False
1773,1113.85,371.2833333333333,Charles Hernandez,63.0,UK,False
1776,1301.28,325.32,Dustin Martin,70.0,ITALY,True
1780,1095.97,365.3233333333333,Dominic Johnson,61.0,NETHERLANDS,False
1782,576.74,288.37,Nathan Casey,79.0,SPAIN,False
1783,706.62,353.31,Angela Guzman,67.0,USA,True
1785,517.88,172.62666666666667,Ann Hahn,38.0,ITALY,False
1787,751.75,375.875,Kelly Calderon,27.0,FRANCE,True
1789,657.9,328.95,Bryan Roman,60.0,ITALY,False
1793,512.32,256.16,Katherine Brooks,76.0,NETHERLANDS,True
1797,701.06,350.53,Lisa Skinner,81.0,ITALY,True
1802,762.7900000000001,254.26333333333335,Tabitha Turner,76.0,SPAIN,True
1805,935.13,233.7825,Jennifer Johnson,60.0,UK,True
1807,850.8299999999999,283.60999999999996,Ryan Love,32.0,ITALY,True
1814,786.79,262.2633333333333,Patricia Banks,31.0,UK,True
1818,1198.7,399.56666666666666,Jacob Long,42.0,SPAIN,True
1821,1372.13,274.42600000000004,Valerie Gonzalez,75.0,UK,True
1823,921.58,230.395,Brandon Richardson,81.0,GERMANY,False
1825,560.87,186.95666666666668,Jody Nunez,73.0,SPAIN,True
1827,997.05,332.34999999999997,Donna Snyder,40.0,USA,False
1834,1022.68,255.67,Jay Harper,35.0,UK,True
1839,935.41,311.80333333333334,Brandi Mcclain,34.0,USA,True
1841,931.11,310.37,John Davis,32.0,USA,True
1842,739.22,246.40666666666667,Brenda Wilson,79.0,GERMANY,False
1846,666.28,333.14,Steven Stewart,36.0,ITALY,True
1848,621.02,207.00666666666666,Jessica Lopez,52.0,GERMANY,False
1851,823.6,274.53333333333336,Herbert Fletcher,55.0,FRANCE,True
1852,912.38,456.19,Brian Cortez,22.0,UK,False
1853,564.38,282.19,Brandon Oneill,75.0,USA,False
1854,627.59,313.795,Nicole Carson,46.0,NETHERLANDS,False
1855,1193.82,238.76399999999998,Laurie Silva,48.0,UK,False
1858,761.74,253.91333333333333,Michael Becker,58.0,USA,True
1859,783.3900000000001,391.69500000000005,Timothy Rodriguez,19.0,GERMANY,False
1861,1078.05,359.34999999999997,Mark Adams,46.0,NETHERLANDS,True
1863,1132.46,283.115,Travis Cooke,55.0,FRANCE,False
1867,531.22,265.61,David Wise,66.0,SPAIN,True
1871,677.1700000000001,338.58500000000004,Stephanie Munoz,18.0,USA,True
1874,795.92,265.3066666666667,Peter Shepherd,59.0,FRANCE,False
1878,907.98,226.995,Donna Kim,41.0,UK,False
1881,1315.56,328.89,Kristen Lowery,29.0,SPAIN,True
1883,1282.3899999999999,320.59749999999997,Robin Kelly,60.0,UK,True
1884,545.84,272.92,Jonathan Wilson,64.0,USA,True
1885,867.7,216.925,Richard Cameron,45.0,SPAIN,True
1889,796.3,398.15,Blake Hendrix,23.0,GERMANY,False
1891,1031.29,257.8225,Adam Rios,67.0,NETHERLANDS,False
1896,576.98,288.49,Alan Waller,55.0,UK,True
1898,581.99,290.995,Mark Tyler,30.0,SPAIN,True
1899,787.8100000000001,262.60333333333335,Randy Hernandez,18.0,SPAIN,True
1901,519.55,259.775,John Smith,72.0,USA,True
1902,603.73,150.9325,Christina Hudson,44.0,CANADA,False
1903,598.69,199.56333333333336,Gene Garcia,27.0,NETHERLANDS,False
1906,1180.45,393.48333333333335,Mr. Kevin Carr,29.0,ITALY,True
1911,561.3199999999999,280.65999999999997,Nicholas Harrison,75.0,ITALY,False
1921,997.1800000000001,332.3933333333334,Christopher Clayton,68.0,FRANCE,False
1923,1110.93,277.7325,Barbara Walker,46.0,USA,True
1927,813.75,271.25,Jim Skinner,36.0,UK,True
1936,894.5699999999999,298.19,Mark Sanchez,41.0,ITALY,False
1937,611.45,203.8166666666667,Jennifer Perez,77.0,UK,True
1945,612.0,306.0,Stephen Haynes,58.0,FRANCE,True
1958,812.74,406.37,Peter Pugh,40.0,SPAIN,True
1960,880.37,220.0925,Virginia Cunningham,43.0,SPAIN,True
1961,719.29,239.76333333333332,Mary Richard,27.0,CANADA,False
1967,1433.88,358.47,Daniel Miller,46.0,USA,False
1968,612.02,306.01,Leah Stone,35.0,CANADA,True
1971,897.56,299.18666666666667,Brianna Martinez,82.0,GERMANY,False
1972,802.3,200.575,Walter Palmer,48.0,CANADA,True
1976,1177.1,294.275,Joseph Wilson,79.0,GERMANY,False
1978,627.65,313.825,Jennifer Zuniga,80.0,FRANCE,False
1985,976.4300000000001,244.10750000000002,Robert Beck,23.0,CANADA,False
1986,635.44,317.72,Steven Morgan,31.0,SPAIN,True
1987,1258.1999999999998,251.63999999999996,Stacy Fitzgerald,51.0,NETHERLANDS,False
1992,1341.03,335.2575,Kathryn Smith,84.0,CANADA,True
1996,1084.42,271.105,Katherine Peck,74.0,SPAIN,True
2002,1293.78,431.26,Brett Thomas,47.0,FRANCE,False
2004,1283.06,256.61199999999997,David Harper,79.0,CANADA,True
2007,851.77,283.92333333333335,David Mercado,20.0,SPAIN,False
2008,919.13,229.7825,Laurie Garcia,23.0,UK,False
2010,640.98,213.66,Ryan Mason,83.0,FRANCE,True
2012,591.8000000000001,295.90000000000003,Troy Ali,39.0,USA,True
2013,1251.36,250.272,Aaron Marshall,41.0,NETHERLANDS,False
2014,752.02,376.01,Marissa Jackson,20.0,ITALY,False
2017,628.87,157.2175,Katrina Williams,79.0,USA,False
2018,822.26,205.565,Andrea Davis,46.0,ITALY,True
2023,596.31,298.155,Mrs. Julia Greene,47.0,SPAIN,False
2037,1835.75,229.46875,Ashley Ramirez,30.0,USA,True
2038,819.1600000000001,163.83200000000002,Juan Keller MD,35.0,NETHERLANDS,True
2043,1064.97,354.99,Melanie Ware,18.0,UK,True
2044,961.99,320.66333333333336,Margaret Hahn,84.0,FRANCE,True
2050,598.86,299.43,Omar Spence,72.0,ITALY,False
2053,979.16,326.38666666666666,Alexander Robles,79.0,SPAIN,True
2055,720.31,360.155,Sandra Underwood,50.0,FRANCE,False
2057,511.46999999999997,255.73499999999999,Brendan Griffin,35.0,CANADA,False
2058,507.63,253.815,Antonio Johnson,47.0,ITALY,True
2059,1643.6399999999999,328.72799999999995,Melissa Patton,38.0,UK,False
2060,1082.72,360.9066666666667,Jessica Turner,45.0,ITALY,False
2068,1346.3700000000001,269.274,Cheryl Berry,28.0,ITALY,False
2070,878.5,439.25,David Robles,84.0,GERMANY,True
2075,938.1600000000001,312.72,David Fuentes,42.0,CANADA,False
2076,923.89,307.9633333333333,Jennifer Gonzalez,83.0,UK,False
2085,584.79,292.395,Adriana Smith,54.0,ITALY,False
2087,615.53,307.765,Susan Ward,46.0,NETHERLANDS,False
2091,642.5,321.25,Michael Gray,82.0,FRANCE,True
2092,928.0799999999999,185.61599999999999,Gina Clark,27.0,GERMANY,False
2093,503.62,251.81,Robert Guerrero,61.0,CANADA,False
2101,816.71,408.355,Stacey Clark,26.0,NETHERLANDS,True
2108,906.1600000000001,302.05333333333334,David Robinson,27.0,UK,False
2109,1178.71,392.90333333333336,Laura Walls,78.0,USA,True
2116,540.89,180.29666666666665,Angela Hill,43.0,UK,True
2117,597.65,199.21666666666667,Benjamin Johnson,63.0,UK,False
2119,1001.14,333.7133333333333,Melinda Hill,28.0,USA,True
2123,620.14,310.07,Kevin Rios,53.0,USA,True
2126,813.75,271.25,Kevin Tran,34.0,FRANCE,True
2129,521.01,260.505,Jerry Hansen,82.0,UK,False
2136,836.77,209.1925,Veronica Harris,59.0,USA,False
2139,717.8199999999999,358.90999999999997,Michael Thompson,52.0,SPAIN,True
2145,855.25,427.625,Jasmine Berger,53.0,UK,True
2149,717.8499999999999,358.92499999999995,William Griffin,73.0,NETHERLANDS,False
2150,823.6400000000001,411.82000000000005,Robert Fox,43.0,SPAIN,True
2151,1390.72,278.144,Katherine Ford,37.0,USA,True
2152,911.48,303.82666666666665,Donna Ibarra,19.0,USA,True
2153,1359.31,339.8275,Ryan Sparks,71.0,FRANCE,True
2156,927.16,309.05333333333334,Catherine Carroll,50.0,ITALY,False
2160,719.24,239.74666666666667,Willie Tran DVM,78.0,SPAIN,False
2167,830.49,415.245,Matthew Reeves,40.0,UK,False
2168,823.45,274.48333333333335,Robert Skinner,63.0,UK,False
2172,904.59,301.53000000000003,Andrew Leonard,77.0,GERMANY,True
2173,752.0799999999999,376.03999999999996,Anthony Walters,39.0,SPAIN,False
2177,865.24,288.41333333333336,Christina Smith,47.0,SPAIN,True
2183,608.9300000000001,304.46500000000003,Brian Morris,41.0,SPAIN,True
2186,1167.68,389.2266666666667,Austin Robinson,44.0,USA,False
2190,820.29,205.0725,Megan Compton,21.0,GERMANY,True
2193,1242.3600000000001,310.59000000000003,Thomas Cole,37.0,SPAIN,False
2198,674.09,337.045,Martin Young,85.0,CANADA,False
2199,948.33,189.666,Theresa Stevenson,21.0,UK,False
2205,607.63,303.815,Frank Ramos,85.0,SPAIN,True
2207,556.64,278.32,Brenda Harris,47.0,CANADA,True
2209,892.9,297.6333333333333,Blake Hardy,64.0,SPAIN,True
2213,551.9300000000001,183.9766666666667,Jennifer Jackson,62.0,UK,True
2219,665.24,332.62,Andrea Taylor,65.0,CANADA,False
2220,641.8299999999999,320.91499999999996,Thomas Smith,70.0,GERMANY,False
2221,1117.1599999999999,279.28999999999996,Molly Henry,68.0,FRANCE,True
2224,1069.02,267.255,Belinda Frederick MD,51.0,UK,False
2228,1273.44,424.48,John Dorsey,70.0,SPAIN,True
2230,700.9300000000001,175.23250000000002,Larry Blackburn,35.0,ITALY,True
2235,880.6800000000001,440.34000000000003,Dawn Turner,37.0,UK,True
2236,857.41,214.3525,Janet Parker,20.0,CANADA,False
2240,1115.82,371.94,William Velasquez,47.0,CANADA,False
2251,1001.5,333.8333333333333,Rachel Williams,42.0,FRANCE,False
2252,735.25,367.625,Adrienne Morrison,66.0,UK,True
2258,735.0999999999999,367.54999999999995,Tammy Johnson,78.0,CANADA,False
2260,593.9,197.96666666666667,Jesse Parks,38.0,SPAIN,True
2263,1133.99,226.798,Tracy Fitzgerald,56.0,GERMANY,False
2264,974.87,324.95666666666665,Lawrence Ross,64.0,UK,False
2265,517.07,172.35666666666668,Hannah Crosby,45.0,USA,True
2270,770.6700000000001,256.89000000000004,Michael Dunn,49.0,FRANCE,False
2276,966.46,322.15333333333336,Meagan Wade,25.0,SPAIN,False
2277,855.2,213.8,Molly Davis,63.0,SPAIN,True
2279,776.9000000000001,388.45000000000005,Maria Bennett,80.0,SPAIN,False
2280,1307.19,261.438,Molly Valdez,58.0,UK,False
2282,1555.73,388.9325,Earl Rodriguez,20.0,SPAIN,False
2283,1049.51,209.902,Teresa Garner,63.0,NETHERLANDS,True
2286,1002.45,334.15000000000003,James Henderson,55.0,GERMANY,True
2288,721.8100000000001,240.60333333333335,Leslie Rodriguez,62.0,ITALY,False
2290,693.8,173.45,Daniel Frazier,38.0,UK,False
2296,1053.01,351.00333333333333,Nicholas Cochran,41.0,GERMANY,True
2301,791.71,263.90333333333336,Nicholas Campbell,37.0,ITALY,False
2304,738.37,369.185,Michelle Ellis,30.0,ITALY,False
2307,822.85,411.425,Heidi Chase,43.0,ITALY,False
2310,517.88,258.94,Catherine Williams,67.0,USA,True
2319,802.61,401.305,Patrick Bauer,52.0,CANADA,False
2327,747.4300000000001,373.71500000000003,Catherine Peters,31.0,FRANCE,True
2329,694.8,173.7,Justin York,31.0,FRANCE,False
2334,891.6800000000001,297.2266666666667,Kelly Andersen,59.0,GERMANY,True
2341,705.03,235.01,Teresa Thomas,22.0,CANADA,False
2350,941.9200000000001,313.97333333333336,Brian Frost,37.0,GERMANY,True
2352,603.4300000000001,301.71500000000003,Joseph Graves PhD,49.0,UK,True
2353,953.0899999999999,238.27249999999998,Brett Williams,50.0,SPAIN,False
2354,629.78,314.89,Jean Reed,29.0,CANADA,True
2355,603.85,301.925,Rachel Arnold,45.0,UK,True
2359,533.03,266.515,Jacqueline Waters,22.0,UK,False
2362,782.7,391.35,Michelle Bradshaw,73.0,ITALY,True
2366,555.49,277.745,Dustin Noble,85.0,ITALY,True
2368,1427.24,285.448,Breanna Jimenez,59.0,NETHERLANDS,False
2377,674.8,224.9333333333333,Michael Decker,69.0,USA,True
2379,606.5799999999999,303.28999999999996,Aaron Welch,82.0,ITALY,True
2381,538.3,269.15,Stephanie Walls,79.0,CANADA,True
2386,676.55,225.51666666666665,Caleb Freeman,59.0,USA,False
2390,742.29,371.145,Hector Hamilton,59.0,GERMANY,False
2394,513.0,256.5,Mrs. Katherine Simpson,74.0,GERMANY,False
2395,770.1700000000001,385.08500000000004,Erika Duran,47.0,GERMANY,True
2398,548.35,274.175,Gregory Smith,24.0,FRANCE,False
2400,863.12,431.56,Jessica Roberts,19.0,FRANCE,False
2408,698.53,349.265,Luis Davis,85.0,ITALY,True
2417,785.5799999999999,261.85999999999996,Shannon Rivera,67.0,UK,False
2424,717.29,179.3225,Philip Ferguson,60.0,ITALY,False
2429,878.4499999999999,292.81666666666666,Kathy Johnson,82.0,NETHERLANDS,True
2431,620.5699999999999,310.28499999999997,Rebecca Benson,67.0,CANADA,True
2438,629.89,314.945,Derrick Wilson,37.0,GERMANY,True
2442,529.99,264.995,Brian Wong,43.0,NETHERLANDS,False
2447,725.99,362.995,Wesley Medina,41.0,SPAIN,False
2454,623.1800000000001,207.7266666666667,Cody Huffman,41.0,GERMANY,True
2455,769.19,256.3966666666667,Terri White,52.0,SPAIN,True
2457,1092.47,218.494,Chelsea Thomas,21.0,NETHERLANDS,True
2460,1386.1599999999999,277.23199999999997,Jamie Smith,65.0,UK,False
2461,500.61,250.305,Ronald Michael,67.0,USA,True
2470,869.75,289.9166666666667,Allison Simmons,80.0,CANADA,False
2474,872.19,218.0475,Luis Wilson,58.0,SPAIN,False
2479,1246.55,415.51666666666665,Mr. Derek Meadows DDS,84.0,FRANCE,True
2480,775.4000000000001,387.70000000000005,Timothy Hernandez,23.0,GERMANY,True
2482,550.88,183.62666666666667,Karen Jones,42.0,NETHERLANDS,True
2489,585.86,292.93,Paula Shepherd,29.0,UK,True
2491,815.9200000000001,407.96000000000004,Justin Rosario,68.0,SPAIN,False
2492,867.49,289.16333333333336,Thomas Ward,59.0,GERMANY,False
2494,520.79,173.59666666666666,Kristen Velazquez,76.0,NETHERLANDS,True
2499,572.61,286.305,Amanda Diaz,75.0,NETHERLANDS,True
2510,726.1700000000001,242.0566666666667,Anthony Long,33.0,UK,True
2514,537.9,268.95,Derrick Garcia,81.0,GERMANY,True
2515,672.2,336.1,Sarah Johnson,81.0,UK,True
2518,651.3199999999999,217.10666666666665,Cynthia Miller,74.0,FRANCE,False
2520,631.6700000000001,315.83500000000004,Brandon Parker,53.0,GERMANY,False
2534,605.67,302.835,Adrian Miranda,26.0,USA,False
2536,1155.1799999999998,288.79499999999996,Mr. Christopher Phillips Jr.,78.0,UK,True
2553,1132.03,283.0075,Joshua Fry,70.0,GERMANY,False
2554,717.78,239.26,Erica Johnson,60.0,NETHERLANDS,False
2565,1215.89,303.9725,Richard Harper,79.0,GERMANY,True
2568,1122.84,280.71,Steven Peck,76.0,UK,False
2571,752.89,376.445,Beth Cole,58.0,NETHERLANDS,False
2572,642.8299999999999,321.41499999999996,Daniel Werner,44.0,GERMANY,True
2574,554.49,184.83,Tristan Bonilla,37.0,ITALY,True
2575,680.26,226.75333333333333,Jacqueline Cox,21.0,CANADA,True
2576,909.54,303.18,Kathryn Parrish,66.0,GERMANY,True
2579,823.8199999999999,411.90999999999997,Jake Tran,58.0,UK,False
2582,600.34,300.17,Shannon Cowan,48.0,SPAIN,True
2583,625.4300000000001,312.71500000000003,Ann Smith,75.0,NETHERLANDS,False
2584,1368.52,342.13,Jon Walton,45.0,UK,True
2590,902.97,451.485,Adrienne Brooks,42.0,NETHERLANDS,False
2593,689.49,344.745,Terry Johnson,30.0,ITALY,False
2595,944.52,314.84,Emily Jackson,76.0,USA,True
2604,608.5400000000001,202.8466666666667,Alyssa Zimmerman,43.0,USA,True
2608,1366.37,227.72833333333332,Danielle Deleon,37.0,SPAIN,False
2609,547.0,182.33333333333334,David Williams,53.0,FRANCE,True
2611,801.02,400.51,Ashley Ho,44.0,NETHERLANDS,False
2618,819.5999999999999,273.2,Amanda Daugherty,21.0,ITALY,True
2621,512.66,256.33,Jorge Hernandez,29.0,CANADA,True
2622,922.01,307.33666666666664,Steven Johnson,68.0,NETHERLANDS,True
2624,674.38,224.79333333333332,Curtis Davis,57.0,FRANCE,True
2626,977.37,325.79,Travis Nielsen,77.0,FRANCE,True
2627,792.03,264.01,Michael Clay,29.0,SPAIN,False
2630,794.4300000000001,397.21500000000003,Jeremy Carlson,78.0,NETHERLANDS,False
2631,676.02,338.01,Lisa Lawson,46.0,USA,False
2640,518.47,259.235,David Jones,54.0,USA,False
2644,1404.74,351.185,Robert Gonzalez,56.0,SPAIN,False
2645,501.03000000000003,250.51500000000001,Kathleen Mooney,69.0,FRANCE,True
2646,561.67,280.835,Jesse Guzman,48.0,NETHERLANDS,True
2647,820.29,273.43,Kenneth Mitchell,38.0,CANADA,False
2649,1033.94,258.485,Ryan Powell,61.0,CANADA,True
2658,689.96,344.98,Brandon Ramsey,31.0,GERMANY,False
2661,948.53,474.265,Travis Jones,45.0,USA,False
2668,671.25,335.625,Ralph Dawson,73.0,GERMANY,False
2676,730.8800000000001,243.6266666666667,Jesse Oliver,48.0,ITALY,False
2677,1145.3,286.325,Chelsea Ramirez,68.0,NETHERLANDS,False
2681,990.12,247.53,Jodi Baker,78.0,GERMANY,False
2682,913.78,304.5933333333333,Heather Lewis,42.0,NETHERLANDS,False
2683,594.44,198.14666666666668,Katie Brown,64.0,USA,True
2690,652.87,217.62333333333333,Jennifer Long,35.0,FRANCE,False
2693,826.56,275.52,Morgan Davis,83.0,UK,True
2700,826.54,413.27,Kaitlyn Williams,22.0,UK,True
2709,858.61,171.722,Mary Thomas,24.0,USA,False
2711,568.86,284.43,Patrick Lee,76.0,USA,True
2714,590.79,295.395,Deborah Shelton,55.0,USA,False
2723,603.76,150.94,Matthew Smith,34.0,SPAIN,False
2729,669.53,334.765,Walter Garcia,48.0,USA,True
2731,1172.21,234.442,Erica Lane,61.0,SPAIN,False
2735,1182.72,295.68,Charles Ramos,74.0,CANADA,False
2737,900.45,450.225,Jason Jenkins,24.0,UK,True
2741,740.0699999999999,246.68999999999997,Elaine Campos,56.0,FRANCE,False
2744,663.24,331.62,William Rodriguez,51.0,SPAIN,False
2745,761.95,380.975,Dylan Olson,85.0,ITALY,True
2747,1292.51,323.1275,Amy Harris,75.0,CANADA,True
2755,871.15,435.575,Sarah Payne,42.0,SPAIN,True
2758,1087.3899999999999,362.4633333333333,Cynthia Hunt,26.0,USA,False
2759,590.6800000000001,196.89333333333335,Karen Roberts,70.0,USA,True
2760,931.88,465.94,Kevin Richardson,85.0,FRANCE,False
2763,1249.63,416.54333333333335,Alexandra Turner,50.0,GERMANY,True
2764,597.81,298.905,Mary Wallace,22.0,USA,True
2767,1261.14,252.228,Kathy Bailey,33.0,ITALY,False
2768,952.56,317.52,Kayla Thompson,34.0,FRANCE,False
2782,825.15,275.05,Alyssa Thompson,43.0,GERMANY,False
2787,931.13,310.37666666666667,Mary Harris,51.0,FRANCE,True
2793,872.9100000000001,436.45500000000004,Jeffrey Bennett,67.0,CANADA,True
2797,1296.1399999999999,324.03499999999997,Michael Jones,79.0,NETHERLANDS,False
2808,972.15,243.0375,Karen Anderson,23.0,GERMANY,False
2810,879.9000000000001,439.95000000000005,John Harrington,67.0,NETHERLANDS,False
2811,947.12,473.56,Alison Brown,63.0,CANADA,False
2812,508.48,254.24,Christina Franklin,28.0,NETHERLANDS,False
2820,1001.23,333.74333333333334,Danielle Brown,61.0,FRANCE,True
2822,1242.92,310.73,Stephanie Bolton,69.0,ITALY,False
2826,1777.07,355.414,Eric Richardson,36.0,USA,False
2828,637.38,212.46,Joshua Garcia,23.0,NETHERLANDS,True
2830,1646.97,329.394,Thomas Skinner,40.0,FRANCE,False
2837,910.71,227.6775,Andrew Harris,61.0,FRANCE,True
2846,617.4,205.79999999999998,Patricia Green,74.0,ITALY,True
2857,969.08,323.0266666666667,Johnny Perez,70.0,FRANCE,False
2858,1105.5,368.5,Luke Williams,40.0,ITALY,True
2860,563.15,187.71666666666667,Amanda Love,29.0,NETHERLANDS,True
2863,563.38,281.69,David Rodriguez,42.0,USA,True
2867,697.3299999999999,348.66499999999996,Heather Hester,53.0,FRANCE,True
2876,832.5699999999999,416.28499999999997,Amber Kennedy,23.0,USA,True
2877,656.26,218.75333333333333,Emily Lee,24.0,GERMANY,True
2879,912.51,456.255,Crystal Edwards,80.0,GERMANY,False
2887,1010.55,336.84999999999997,Ms. Mackenzie Barton,43.0,NETHERLANDS,False
2894,900.0,300.0,Roger Rogers,35.0,UK,False
2898,1079.58,269.895,Morgan Cummings,22.0,FRANCE,True
2900,990.54,247.635,Kevin Craig,32.0,UK,False
2904,653.01,326.505,Tanya Mitchell,38.0,FRANCE,False
2910,593.03,197.67666666666665,Larry Rodriguez,49.0,NETHERLANDS,False
2916,727.8800000000001,363.94000000000005,Thomas Moran,72.0,GERMANY,False
2926,689.75,229.91666666666666,Shelby Robinson,76.0,SPAIN,False
2927,759.02,253.00666666666666,Christian Cervantes,76.0,GERMANY,False
2928,1154.22,288.555,Carlos Walters Jr.,35.0,ITALY,True
2937,1230.46,307.615,Audrey Marshall,24.0,GERMANY,True
2939,1286.4,321.6,Karen Ballard,77.0,UK,True
2941,707.31,353.655,Stacy Patton,40.0,UK,False
2944,822.5699999999999,411.28499999999997,John Robinson,32.0,ITALY,False
2949,1226.35,306.5875,Michael Barr,26.0,FRANCE,False
2954,1128.67,376.22333333333336,Adam Bruce,26.0,FRANCE,False
2958,783.6700000000001,261.22333333333336,Jamie Morales,27.0,ITALY,False
2960,674.35,337.175,Michele Oconnor,32.0,NETHERLANDS,False
2962,711.24,355.62,Kevin Myers,44.0,NETHERLANDS,True
2964,1267.94,422.6466666666667,Elizabeth Stevens,34.0,CANADA,False
2966,683.06,227.68666666666664,Daniel Russell,74.0,FRANCE,False
2969,970.45,323.48333333333335,Danny Hester,47.0,ITALY,False
2979,526.85,263.425,Cynthia Murray,63.0,UK,True
2981,683.49,341.745,Jessica Jones,38.0,GERMANY,False
2987,996.12,332.04,Denise Morris,51.0,FRANCE,False
2988,860.6,430.3,Matthew Thomas,41.0,ITALY,False
2989,1117.1,372.3666666666666,Rebekah Crane,22.0,UK,True
2992,956.9399999999999,239.23499999999999,Joseph Calderon,38.0,CANADA,False
2994,673.3399999999999,224.44666666666663,Cody Benson,69.0,FRANCE,False
2997,557.64,278.82,Adrian Lee,18.0,UK,False
2999,715.51,238.50333333333333,Randall Villa,55.0,CANADA,True
3000,636.4300000000001,318.21500000000003,Mary Jones,74.0,UK,True
3001,525.05,175.01666666666665,Daniel White,32.0,NETHERLANDS,False
3003,892.16,446.08,Kenneth Castaneda,32.0,NETHERLANDS,True
3004,930.8299999999999,465.41499999999996,Robert Savage,21.0,CANADA,True
3009,679.96,339.98,Jonathan Wilson,53.0,GERMANY,True
3012,678.4100000000001,339.20500000000004,Cindy Martin,83.0,NETHERLANDS,True
3016,629.38,209.79333333333332,Savannah Townsend,36.0,SPAIN,True
3022,518.83,129.7075,John Williams,45.0,ITALY,True
3039,1503.21,300.642,Gregory Peterson,81.0,NETHERLANDS,True
3040,814.3199999999999,203.57999999999998,Angelica Conrad,46.0,USA,False
3042,950.45,475.225,Mark Smith,51.0,FRANCE,False
3046,918.14,459.07,Emily Gray,49.0,SPAIN,True
3050,782.4,391.2,Hannah May,73.0,NETHERLANDS,False
3058,1068.1599999999999,356.0533333333333,Jacqueline Gray,52.0,UK,False
3059,1204.92,301.23,Erica Garcia,71.0,SPAIN,False
3062,920.29,230.0725,John Lopez,83.0,GERMANY,False
3066,1134.31,189.05166666666665,Wesley Rich,52.0,UK,True
3069,717.5999999999999,358.79999999999995,Christopher Turner,35.0,UK,False
3075,828.88,414.44,Scott Kim,42.0,UK,False
3076,1210.65,403.55,Michael Singleton,71.0,UK,True
3080,856.62,214.155,Carl Hines,57.0,SPAIN,False
3081,561.32,187.10666666666668,Gabriel Campbell,35.0,ITALY,False
3087,1074.96,358.32,Mr. Eric Davis MD,57.0,UK,True
3088,1459.74,364.935,Dustin Hughes,44.0,FRANCE,False
3089,1222.41,174.63000000000002,Mr. Troy White,28.0,ITALY,False
3091,1281.35,320.3375,Nicholas Rios,20.0,USA,True
3093,761.45,380.725,Melissa Smith,43.0,SPAIN,True
3094,693.71,173.4275,Jennifer Wise,22.0,FRANCE,True
3096,1229.1999999999998,307.29999999999995,Joanna Watson,50.0,NETHERLANDS,False
3098,1513.79,302.758,Veronica Schmidt,19.0,USA,True
3100,757.01,378.505,Leslie Gonzalez,43.0,ITALY,False
3108,855.47,427.735,Brandon Acosta,85.0,GERMANY,False
3115,689.97,172.4925,Clinton Francis,41.0,ITALY,True
3117,1275.8,318.95,Rebecca Duncan,45.0,USA,True
3124,1170.43,292.6075,Richard Reid,28.0,UK,False
3126,772.09,257.36333333333334,Monica Lynch,67.0,ITALY,True
3130,1234.08,308.52,Mr. Christopher Price MD,72.0,GERMANY,True
3132,1385.42,346.355,Mrs. Nicole Moreno,65.0,ITALY,False
3133,889.28,222.32,Ethan Craig,19.0,UK,True
3144,534.52,267.26,Jared Sherman,53.0,CANADA,False
3149,1190.88,297.72,Lisa Taylor,31.0,SPAIN,True
3154,776.97,388.485,Cheryl Gentry,26.0,ITALY,True
3155,953.6,317.8666666666667,Shaun Thompson,21.0,FRANCE,True
3162,1142.05,380.68333333333334,Jennifer Meyer,80.0,GERMANY,False
3163,933.45,311.15000000000003,Andrea Butler,61.0,SPAIN,True
3165,574.6600000000001,287.33000000000004,Kimberly Johnson,33.0,USA,True
3171,906.72,453.36,Gerald Durham,80.0,UK,True
3174,872.53,436.265,Michael Rivera,32.0,FRANCE,True
3175,642.97,214.32333333333335,Laura Wheeler,78.0,USA,False
3177,896.19,298.73,Jack Carter,68.0,ITALY,False
3178,798.6700000000001,199.66750000000002,Latoya Torres,81.0,CANADA,True
3181,775.8000000000001,193.95000000000002,Alyssa Lewis,21.0,ITALY,True
3183,1307.21,326.8025,Whitney Sullivan,62.0,CANADA,True
3190,994.83,248.7075,Jonathan Hudson,57.0,SPAIN,True
3191,905.73,452.865,Sara Singleton,26.0,SPAIN,True
3194,637.3499999999999,318.67499999999995,Denise Nixon,59.0,UK,True
3195,739.0699999999999,246.35666666666665,Shelia Waller,76.0,ITALY,True
3199,702.9300000000001,351.46500000000003,Donald Paul,58.0,GERMANY,True
3202,994.39,248.5975,Julie Herrera,30.0,SPAIN,False
3203,1129.25,376.4166666666667,Richard Jones,61.0,GERMANY,True
3209,901.1,225.275,Devin Welch,54.0,SPAIN,False
3211,550.26,275.13,Joseph Peterson,69.0,UK,False
3213,538.92,269.46,Katherine Flores,61.0,GERMANY,False
3222,542.98,180.99333333333334,Miss Rachel Chan,41.0,SPAIN,False
3223,643.55,321.775,Dennis Michael,84.0,ITALY,True
3224,1101.22,367.0733333333333,Charles Cook,81.0,UK,True
3225,908.71,454.355,Emily Parker,77.0,NETHERLANDS,False
3232,662.8,331.4,Selena Rodriguez,58.0,USA,True
3233,504.28000000000003,168.09333333333333,Nathan David,44.0,NETHERLANDS,True
3236,939.81,313.27,Lawrence Brooks,48.0,USA,True
3238,864.13,288.04333333333335,Ashley Taylor,37.0,ITALY,False
3240,1047.25,209.45,Chris Evans,57.0,SPAIN,False
3245,879.26,219.815,Raymond Burgess,21.0,USA,False
3247,1214.52,242.904,Wesley Green,23.0,NETHERLANDS,True
3249,569.06,284.53,Robert Yates,28.0,FRANCE,False
3257,601.73,200.57666666666668,Sabrina Owens,48.0,NETHERLANDS,True
3259,565.8299999999999,282.91499999999996,Kenneth Gibson,67.0,USA,False
3260,1319.74,439.91333333333336,Samantha Reynolds,72.0,SPAIN,False
3262,1959.97,391.994,Danny Simmons,40.0,ITALY,False
3263,956.62,191.324,Lauren Saunders,53.0,CANADA,False
3264,960.54,320.18,Maurice Carrillo,70.0,ITALY,False
3266,502.63,251.315,Raymond Harris,65.0,UK,False
3270,651.38,325.69,Jeff Nelson,64.0,SPAIN,False
3272,551.27,183.75666666666666,Jessica Flowers,20.0,UK,True
3278,795.8199999999999,265.2733333333333,Zachary Perry,19.0,ITALY,True
3279,922.95,307.65000000000003,Dr. Heather Scott,50.0,NETHERLANDS,True
3280,1035.05,345.01666666666665,Alexis James,29.0,NETHERLANDS,True
3284,628.56,209.51999999999998,Sherri Smith,22.0,NETHERLANDS,True
3288,939.2,234.8,Sharon Guerrero,30.0,SPAIN,False
3289,1092.88,182.14666666666668,Samantha Barnes,51.0,UK,False
3290,547.4,182.46666666666667,Traci Harmon,63.0,NETHERLANDS,False
3291,601.81,300.905,Holly Buckley,59.0,USA,True
3292,1224.75,306.1875,Jonathan Torres,21.0,USA,True
3295,672.5600000000001,168.14000000000001,Brianna Russell,69.0,UK,False
3297,519.52,173.17333333333332,Gregory Walker,28.0,ITALY,False
3301,942.0,314.0,Frank Fernandez,75.0,USA,True
3310,520.6899999999999,260.34499999999997,Taylor Johnson,29.0,SPAIN,True
3314,1325.02,441.67333333333335,Chelsea Kane,51.0,SPAIN,False
3315,1314.32,328.58,Willie Chavez,29.0,USA,True
3318,740.69,370.345,Robert Freeman,76.0,USA,False
3319,677.19,338.595,Brent Chase,33.0,SPAIN,True
3320,647.47,215.82333333333335,Amy Diaz,44.0,SPAIN,False
3325,906.8199999999999,302.2733333333333,Stacey Dixon,54.0,ITALY,True
3327,555.07,185.02333333333334,Kelly Chan,70.0,GERMANY,False
3329,813.75,271.25,Melissa Osborn,51.0,ITALY,True
3331,1183.79,394.59666666666664,Courtney Arias,65.0,NETHERLANDS,False
3332,772.7,193.175,Tom Lynch,28.0,SPAIN,True
3336,735.79,367.895,David Peters,72.0,GERMANY,False
3340,701.18,350.59,Christopher Barnes,78.0,USA,False
3347,1355.87,338.9675,Lisa Hernandez,82.0,ITALY,False
3348,666.46,333.23,Susan Peterson,61.0,GERMANY,True
3349,1386.49,277.298,Amanda Massey,34.0,USA,False
3356,747.3599999999999,249.11999999999998,Desiree King,54.0,ITALY,True
3367,638.52,319.26,Scott Johnson,32.0,SPAIN,False
3373,681.8199999999999,340.90999999999997,Richard Nguyen,29.0,UK,False
3376,558.55,279.275,Robert Kirk,45.0,USA,False
3377,629.3,209.76666666666665,Guy Medina,85.0,ITALY,False
3378,577.36,288.68,Crystal Poole,71.0,ITALY,True
3382,987.51,246.8775,Erica Rodriguez,33.0,FRANCE,True
3388,1625.81,406.4525,Tyler Olsen,18.0,GERMANY,False
3389,549.02,274.51,Lisa Arellano,23.0,GERMANY,False
3390,677.23,338.615,Mrs. Amanda Kelley DDS,59.0,USA,True
3403,656.4,218.79999999999998,Michelle Robbins,73.0,ITALY,True
3404,1190.47,297.6175,Samantha Walker,34.0,ITALY,False
3405,824.3199999999999,274.7733333333333,Amy Montgomery,30.0,UK,True
3416,986.97,328.99,Laurie Hampton,37.0,SPAIN,True
3421,977.34,244.335,Melissa Ballard,37.0,FRANCE,False
3422,908.75,454.375,Brenda Cooper,56.0,CANADA,True
3425,734.04,244.67999999999998,Jesse Davis,27.0,ITALY,True
3426,1799.72,449.93,Larry Hendrix,83.0,CANADA,False
3428,879.7,293.23333333333335,Gabriel Torres,70.0,CANADA,False
3429,624.0799999999999,312.03999999999996,Kristine Villarreal,77.0,USA,False
3430,609.45,304.725,Mark Jimenez,63.0,SPAIN,True
3431,949.25,316.4166666666667,Gregory Wiggins,28.0,GERMANY,True
3433,1326.06,265.212,Sheryl Thompson,40.0,NETHERLANDS,False
3435,1514.94,252.49,Tina Shepard,28.0,ITALY,True
3441,1144.58,381.52666666666664,Jacob Allen,51.0,USA,True
3456,549.13,274.565,Katie Maldonado,73.0,SPAIN,False
3457,1104.47,368.1566666666667,Annette Dodson,29.0,USA,True
3460,727.0699999999999,242.35666666666665,Steven Wilson,20.0,USA,True
3468,1299.35,259.87,Ryan Lopez,31.0,GERMANY,True
3469,585.3,292.65,Kyle Sims MD,71.0,CANADA,True
3474,545.97,272.985,Dustin Foley,85.0,ITALY,True
3475,698.64,349.32,Bryan Carson,72.0,SPAIN,True
3476,1008.74,336.24666666666667,Brandon Mathis,26.0,SPAIN,True
3479,642.44,321.22,Renee Allen,62.0,ITALY,True
3485,657.54,328.77,Christian Carter,61.0,UK,False
3490,930.27,465.135,Alicia Le,54.0,UK,False
3492,525.5799999999999,262.78999999999996,Abigail Smith,40.0,FRANCE,False
3493,779.14,259.7133333333333,Patricia Wilson,38.0,NETHERLANDS,False
3497,696.98,232.32666666666668,Melanie Salazar,24.0,UK,True
3499,1025.18,341.7266666666667,Joshua Ward,63.0,SPAIN,True
3501,556.5600000000001,278.28000000000003,Dr. Isabel Smith PhD,26.0,CANADA,False
3503,1105.2,276.3,James Larsen,47.0,FRANCE,True
3505,1339.4,334.85,Jill Price,51.0,GERMANY,False
3506,1398.75,349.6875,Maurice Anderson,63.0,GERMANY,False
3516,579.91,289.955,Miss Patricia Davidson,74.0,ITALY,True
3523,612.35,204.11666666666667,Chris Lewis,61.0,SPAIN,True
3531,555.25,277.625,James Gray,70.0,NETHERLANDS,True
3532,718.35,359.175,Laurie Huerta,84.0,UK,True
3534,742.41,371.205,John Powers,36.0,USA,True
3535,684.83,171.2075,Victoria Tanner,84.0,FRANCE,True
3539,748.3599999999999,249.4533333333333,Angela Morrison,25.0,CANADA,False
3544,622.87,311.435,Gail Nelson DVM,62.0,GERMANY,True
3546,719.01,359.505,Tammy Smith,69.0,ITALY,True
3554,938.31,234.5775,Carl Gill,83.0,ITALY,True
3555,622.2,311.1,James Moore,84.0,CANADA,True
3557,725.39,362.695,Robert Berg,21.0,NETHERLANDS,True
3568,774.2,387.1,Valerie Graves,54.0,NETHERLANDS,True
3569,632.43,316.215,Chelsea Allison,66.0,GERMANY,True
3573,649.7,324.85,Melinda Campbell,30.0,CANADA,False
3576,841.1800000000001,210.29500000000002,Michelle Smith,25.0,CANADA,False
3585,636.29,212.09666666666666,Janice Herring,38.0,SPAIN,False
3586,509.48999999999995,254.74499999999998,Eugene Fritz,82.0,CANADA,True
3592,562.82,281.41,Dr. Jeffrey Valentine,33.0,NETHERLANDS,False
3594,570.46,285.23,John Roberts,65.0,UK,True
3601,942.3299999999999,471.16499999999996,Melissa Kent,71.0,GERMANY,False
3602,685.76,228.58666666666667,Thomas Kaufman,57.0,UK,True
3604,708.32,354.16,Cameron Morris,80.0,GERMANY,False
3605,1727.58,287.93,Susan Erickson,33.0,USA,False
3610,582.0,194.0,Jerry Waters,78.0,ITALY,False
3616,548.3399999999999,182.77999999999997,Linda Martinez,68.0,GERMANY,False
3618,638.66,319.33,Richard Henderson,53.0,ITALY,False
3626,1639.06,273.1766666666667,Jackie Stewart,44.0,ITALY,False
3627,540.47,180.15666666666667,Alexander Hamilton,74.0,NETHERLANDS,False
3628,831.12,277.04,Gabriel Huff,59.0,NETHERLANDS,False
3630,1003.34,334.44666666666666,Amy Love,20.0,USA,False
3639,532.0,266.0,Daniel Hall,29.0,NETHERLANDS,False
3643,868.06,289.3533333333333,Amanda Lawrence,21.0,GERMANY,True
3655,1242.78,248.55599999999998,John Holland,26.0,CANADA,False
3661,749.3599999999999,249.78666666666663,Dr. Danielle Jensen,75.0,UK,False
3665,981.11,327.0366666666667,Connor Henderson,72.0,NETHERLANDS,True
3666,542.2,271.1,Douglas Valdez,23.0,CANADA,False
3672,1256.89,251.37800000000001,Melissa Nelson,45.0,GERMANY,False
3676,538.07,269.035,Mary Chung,33.0,NETHERLANDS,False
3679,661.0699999999999,330.53499999999997,Jerome Smith,61.0,SPAIN,True
3682,650.85,216.95000000000002,Donna Davis,61.0,NETHERLANDS,True
3683,735.9300000000001,245.31000000000003,John Martin,76.0,GERMANY,True
3685,791.27,197.8175,Hannah Thompson,18.0,SPAIN,False
3686,1605.67,401.4175,William Saunders,18.0,CANADA,True
3697,1156.92,231.38400000000001,Carmen Perez,19.0,SPAIN,False
3698,1251.56,417.18666666666667,Katherine Nguyen,20.0,NETHERLANDS,True
3700,684.6199999999999,342.30999999999995,Colleen Bell,29.0,SPAIN,False
3702,1042.75,347.5833333333333,Ruben Woodard,81.0,ITALY,False
3703,751.36,250.45333333333335,Stephanie Costa,22.0,SPAIN,False
3706,538.5,269.25,Anne Olsen,68.0,FRANCE,False
3708,1062.62,354.20666666666665,Andrea King,39.0,SPAIN,True
3712,935.8499999999999,311.95,Amanda Henry,47.0,NETHERLANDS,False
3717,1409.32,201.33142857142857,Joshua Miller,73.0,ITALY,True
3719,697.04,232.34666666666666,Dana Riggs,84.0,NETHERLANDS,True
3721,617.0699999999999,308.53499999999997,Jason Smith,84.0,CANADA,True
3723,757.94,151.58800000000002,Jonathan Ford,53.0,CANADA,False
3726,869.4,434.7,Jesse Nash,42.0,NETHERLANDS,False
3728,809.27,269.75666666666666,Angela Olson,46.0,SPAIN,False
3737,556.41,185.47,Justin Henderson,78.0,USA,True
3738,1031.25,257.8125,Shawn Ortega,61.0,USA,False
3741,1152.5,384.1666666666667,Jill Barajas,30.0,UK,True
3742,819.52,273.17333333333335,Karen Arellano,33.0,ITALY,True
3748,570.19,285.095,Mr. Matthew Mendoza,73.0,FRANCE,True
3770,739.98,246.66,Linda Perez,57.0,FRANCE,False
3775,972.55,324.18333333333334,Elizabeth Mcdaniel,25.0,SPAIN,False
3777,905.5200000000001,226.38000000000002,Carrie Hardy,72.0,SPAIN,False
3778,621.01,310.505,David George,43.0,ITALY,True
3780,591.04,197.01333333333332,James Love,61.0,GERMANY,True
3782,538.15,269.075,Caleb Bennett,60.0,ITALY,True
3784,533.1700000000001,266.58500000000004,Timothy Pierce PhD,60.0,GERMANY,False
3791,600.3299999999999,300.16499999999996,Lacey Smith,60.0,ITALY,False
3794,962.47,320.8233333333333,Heather Young,64.0,CANADA,False
3796,1990.97,284.4242857142857,Janet Weaver,21.0,FRANCE,False
3800,792.33,396.165,Diana Smith,21.0,GERMANY,True
3802,660.31,330.155,David Boone,40.0,GERMANY,True
3808,895.3499999999999,447.67499999999995,Billy Hood,20.0,SPAIN,False
3818,730.56,365.28,Christina Johnson,66.0,FRANCE,True
3821,824.99,412.495,Timothy Chavez,42.0,SPAIN,True
3822,542.87,180.95666666666668,Jeffrey Pitts,37.0,USA,False
3830,720.87,360.435,Christopher Ferguson,81.0,CANADA,True
3831,767.0,255.66666666666666,Adam Foley,40.0,SPAIN,True
3832,655.96,218.65333333333334,Robert Mason,65.0,NETHERLANDS,True
3837,602.9,301.45,Andrea Bennett,75.0,GERMANY,True
3847,803.71,401.855,Rachel Curry,72.0,ITALY,False
3848,835.44,417.72,Jennifer Thomas,77.0,GERMANY,True
3849,944.91,314.96999999999997,Jeffrey Tucker,70.0,GERMANY,False
3858,1029.1399999999999,343.0466666666666,Amy Hicks,30.0,USA,True
3864,625.38,312.69,Mrs. Samantha Rivera DDS,42.0,CANADA,True
3866,661.4,330.7,Luis Hill,56.0,NETHERLANDS,False
3869,838.5999999999999,419.29999999999995,Joshua Scott,78.0,CANADA,False
3870,930.7299999999999,310.2433333333333,William Martin,68.0,ITALY,False
3876,648.29,324.145,Lynn Nguyen,42.0,ITALY,False
3879,572.6,286.3,Jessica Nelson,21.0,SPAIN,True
3880,1163.66,290.915,Kathleen Ramsey,35.0,FRANCE,True
3883,619.73,309.865,Tyler Marshall,61.0,USA,True
3887,626.77,313.385,Erik Small,22.0,CANADA,True
3893,1036.62,259.155,Sarah Garcia,31.0,UK,True
3897,704.94,352.47,Eddie Bridges,22.0,SPAIN,False
3899,509.98,254.99,Christopher Collins,43.0,ITALY,False
3908,632.4000000000001,316.20000000000005,Jordan Carter,34.0,SPAIN,False
3919,827.94,206.985,Robert Ford,69.0,FRANCE,False
3922,654.87,218.29,Nicole Parrish,77.0,FRANCE,False
3924,859.49,429.745,Shawn Cook,76.0,NETHERLANDS,True
3930,592.99,296.495,Nancy Wagner,30.0,UK,False
3936,890.9300000000001,222.73250000000002,Shawn Hickman,65.0,FRANCE,True
3950,981.76,327.25333333333333,Carlos Curry,26.0,CANADA,True
3955,707.78,353.89,Timothy Mckay,30.0,FRANCE,True
3958,732.48,244.16,Kimberly Dixon,27.0,SPAIN,True
3960,1407.8899999999999,351.97249999999997,Christopher Drake,74.0,USA,True
3961,814.9,407.45,Molly Bartlett,40.0,GERMANY,True
3967,755.88,377.94,Connor Walsh,18.0,ITALY,False
3970,1095.91,365.30333333333334,Judith Morris,48.0,UK,False
3986,1130.02,376.67333333333335,Emily Martinez,69.0,GERMANY,False
3992,848.5899999999999,212.14749999999998,Shawn Davis,45.0,GERMANY,True
4006,743.1600000000001,371.58000000000004,Belinda Fisher,48.0,USA,False
4008,667.5,333.75,David Anderson,25.0,FRANCE,True
4012,1226.9,306.725,Brian Smith,44.0,FRANCE,True
4015,673.12,336.56,Sheila Nguyen,53.0,ITALY,False
4025,919.9,306.6333333333333,Scott Franco,80.0,CANADA,True
4027,1140.94,380.31333333333333,David Tucker,36.0,SPAIN,True
4028,1051.85,262.9625,Ms. Maria Thomas,34.0,CANADA,False
4032,521.83,260.915,Darlene Sanchez,57.0,SPAIN,False
4037,1251.4,250.28000000000003,Brian Torres,43.0,USA,True
4039,1339.56,446.52,Mckenzie Yu,64.0,FRANCE,True
4042,807.4300000000001,269.1433333333334,David Cook,72.0,ITALY,False
4050,846.3399999999999,282.1133333333333,David Wilson,54.0,GERMANY,False
4051,534.08,178.02666666666667,Kyle Francis,79.0,CANADA,False
4052,915.89,457.945,Amanda Barker,60.0,UK,False
4055,687.13,171.7825,Ariel Gordon,18.0,SPAIN,True
4057,577.65,288.825,Nicole Hawkins,80.0,SPAIN,True
4062,908.6,302.8666666666667,Chad Wilson,22.0,UK,False
4067,515.29,257.645,Bradley Moore,65.0,CANADA,True
4072,560.25,280.125,Zachary Patel,36.0,FRANCE,True
4074,535.64,267.82,Diana Green,50.0,NETHERLANDS,False
4077,611.58,203.86,Kevin Hogan,67.0,GERMANY,True
4082,773.27,193.3175,Katie Lawson,57.0,SPAIN,True
4102,604.27,201.42333333333332,Jonathon Mcdonald,31.0,ITALY,True
4116,638.1,212.70000000000002,Deborah Quinn,61.0,USA,False
4117,942.78,471.39,Kimberly Wells,61.0,CANADA,True
4119,866.65,433.325,Matthew Ross,48.0,NETHERLANDS,True
4124,1143.76,381.25333333333333,Nicholas Rice,69.0,FRANCE,False
4127,1007.1300000000001,335.71000000000004,Henry Christensen,49.0,SPAIN,True
4144,568.98,284.49,Christina Watkins,75.0,ITALY,True
4150,655.71,218.57000000000002,Sharon Snow,59.0,FRANCE,False
4155,662.24,331.12,Nicholas Morrow MD,60.0,USA,True
4156,632.5,316.25,Sydney Khan,26.0,GERMANY,False
4158,741.2099999999999,185.30249999999998,Angela Munoz,73.0,CANADA,True
4161,562.62,281.31,Ryan Willis,29.0,GERMANY,False
4167,919.6700000000001,459.83500000000004,Lydia Strickland,25.0,USA,True
4168,964.21,321.40333333333336,Timothy Patterson,67.0,NETHERLANDS,False
4171,1061.0900000000001,265.27250000000004,Shelly Brown,31.0,CANADA,False
4175,686.03,343.015,Patricia King,81.0,NETHERLANDS,False
4178,602.31,301.155,Justin Barrera,58.0,NETHERLANDS,False
4179,511.11,255.555,Joseph Baker,82.0,FRANCE,True
4184,899.72,299.9066666666667,Matthew Mendez,37.0,GERMANY,True
4191,704.14,352.07,Jamie Deleon,62.0,FRANCE,False
4193,830.76,415.38,Megan Zavala,85.0,GERMANY,False
4194,780.75,195.1875,Joseph Thomas,54.0,GERMANY,False
4197,917.74,229.435,Emily Montgomery,24.0,ITALY,False
4200,992.24,330.74666666666667,Wayne Powell,79.0,SPAIN,False
4205,730.27,365.135,Lawrence Nguyen,66.0,NETHERLANDS,False
4206,618.33,309.165,Heidi Sanchez,39.0,CANADA,False
4207,722.23,240.74333333333334,Mary Hoffman,30.0,UK,False
4215,854.63,427.315,John Simmons,80.0,ITALY,False
4217,1593.98,318.796,Laura Hooper,29.0,NETHERLANDS,True
4219,891.9200000000001,297.3066666666667,Cynthia Hogan,74.0,FRANCE,False
4222,823.88,411.94,Michael Palmer,33.0,SPAIN,True
4225,530.69,176.89666666666668,Michael Olsen,53.0,GERMANY,True
4229,919.53,306.51,Jesse Ayala,30.0,FRANCE,False
4234,603.67,201.22333333333333,Joann Taylor,44.0,SPAIN,False
4236,1619.12,323.82399999999996,Justin Davis,18.0,SPAIN,True
4248,851.6,425.8,Vanessa Bennett,80.0,NETHERLANDS,False
4249,1311.6,327.9,Benjamin Contreras,84.0,UK,False
4252,918.74,229.685,Andrew Roth,48.0,USA,False
4253,674.11,337.055,Zachary Young,42.0,UK,False
4258,509.61,169.87,Ashley Lee,27.0,CANADA,False
4262,802.94,200.735,Kimberly Mcdowell,50.0,UK,False
4271,759.61,189.9025,Erin Moore,52.0,FRANCE,True
4274,858.74,286.24666666666667,Chris Jones,29.0,ITALY,False
4282,749.35,374.675,Vanessa George,80.0,NETHERLANDS,True
4283,1700.44,425.11,Wayne Wong,85.0,SPAIN,True
4285,1183.23,295.8075,Andrea Miller,30.0,UK,False
4287,829.69,414.845,Amanda Pena,67.0,SPAIN,False
4288,861.1800000000001,430.59000000000003,Christopher Woodard,62.0,GERMANY,True
4289,757.91,378.955,John Ryan,79.0,ITALY,False
4292,505.85,252.925,Julia Bishop,34.0,UK,True
4293,1355.53,271.106,Chris Hanson,66.0,UK,False
4294,557.3399999999999,278.66999999999996,Jonathan Bruce,24.0,FRANCE,True
4295,533.92,133.48,Erica Ray,49.0,SPAIN,True
4297,1827.4499999999998,304.575,Mason Fleming,74.0,CANADA,True
4300,848.77,424.385,Manuel Jennings,84.0,USA,False
4303,1315.2,263.04,Clayton Mills,58.0,GERMANY,False
4308,603.4300000000001,301.71500000000003,Tyler Bradshaw,81.0,ITALY,False
4316,578.64,192.88,Jacob Lynn,75.0,USA,False
4318,661.8,330.9,Leonard Avila,40.0,UK,False
4323,512.74,256.37,Michele Perkins,39.0,FRANCE,False
4324,947.3,315.76666666666665,Angelica Diaz,32.0,USA,False
4333,828.87,276.29,Yolanda Horton,25.0,SPAIN,True
4334,630.02,157.505,Antonio Oconnor,18.0,UK,True
4335,1695.81,339.162,Adriana Ward,60.0,USA,False
4336,985.24,328.41333333333336,Kelsey Gates,63.0,ITALY,True
4339,1169.6200000000001,233.92400000000004,Sharon Silva,63.0,NETHERLANDS,True
4345,535.5699999999999,267.78499999999997,Jonathan Torres,37.0,CANADA,True
4346,1106.6100000000001,276.65250000000003,Tracy Burnett,46.0,CANADA,True
4347,1046.43,348.81,Mrs. Tara Smith,68.0,GERMANY,False
4348,906.7299999999999,302.2433333333333,Robert Watson,56.0,CANADA,False
4349,808.52,269.50666666666666,Sherry Jones,72.0,ITALY,False
4350,830.35,276.78333333333336,Shawn Ware,52.0,GERMANY,False
4351,631.44,315.72,Gabriel Stewart,74.0,USA,False
4358,1054.79,210.958,Maria Hernandez,68.0,USA,False
4360,571.34,142.835,Jacob Clark,38.0,NETHERLANDS,False
4364,566.74,283.37,Lori Hanson,34.0,FRANCE,False
4368,933.1500000000001,311.05,Michael Ortega,34.0,GERMANY,True
4372,789.37,197.3425,Brandon Velasquez,19.0,CANADA,True
4374,610.1,305.05,Brian Brown,54.0,UK,True
4380,1623.98,270.66333333333336,Cindy Jenkins,49.0,CANADA,True
4382,796.8199999999999,265.6066666666666,Angela Turner,31.0,UK,True
4383,1146.56,286.64,Cynthia Jackson,42.0,UK,True
4386,556.52,185.50666666666666,Bryan Hardy,22.0,ITALY,False
4395,1431.21,357.8025,Kevin Grant,83.0,CANADA,False
4397,531.94,177.31333333333336,Annette Mcguire,32.0,NETHERLANDS,True
4400,1046.6200000000001,261.65500000000003,Robert Parks MD,49.0,NETHERLANDS,False
4402,500.4,166.79999999999998,Miranda Johns,23.0,UK,False
4406,1344.42,336.105,Bradley Armstrong,30.0,UK,False
4407,575.3199999999999,287.65999999999997,Ashley Jones,41.0,NETHERLANDS,True
4411,697.0600000000001,232.35333333333335,Hannah Johnson,19.0,USA,False
4413,1126.96,375.65333333333336,Logan Gonzalez,64.0,FRANCE,True
4414,1065.06,266.265,Wendy Miller,48.0,FRANCE,False
4426,988.46,247.115,Matthew Ortega,62.0,UK,False
4429,849.76,424.88,Lori Taylor,79.0,ITALY,False
4431,749.1099999999999,374.55499999999995,Dustin Anderson,39.0,ITALY,False
4433,677.52,338.76,Sara Jones,23.0,UK,True
4436,547.64,182.54666666666665,Samantha Frank,39.0,UK,True
4439,756.7,252.23333333333335,Thomas Lewis,52.0,GERMANY,False
4442,798.58,266.1933333333333,Lucas Mendoza,19.0,FRANCE,False
4443,1491.35,372.8375,Antonio George Jr.,82.0,UK,False
4447,733.27,244.42333333333332,Sean Carey,46.0,SPAIN,True
4448,802.78,401.39,Adrienne Haynes,48.0,USA,True
4451,500.84000000000003,250.42000000000002,Margaret Richardson,52.0,ITALY,False
4453,588.16,196.0533333333333,Yolanda Watson,32.0,GERMANY,True
4455,737.44,368.72,Russell King,59.0,FRANCE,False
4457,692.6500000000001,230.88333333333335,Kayla Williams,70.0,CANADA,False
4459,919.46,459.73,James Hines,19.0,CANADA,True
4463,613.19,306.595,Julie Gonzalez,66.0,USA,True
4469,503.6,167.86666666666667,Kelsey Kelly,73.0,ITALY,True
4476,846.47,282.1566666666667,Scott Smith,20.0,NETHERLANDS,False
4479,806.6600000000001,201.66500000000002,Amber Chapman,26.0,FRANCE,False
4483,1005.03,335.01,Lynn Adams,85.0,NETHERLANDS,True
4489,1068.72,356.24,Kevin Jennings,28.0,USA,True
4490,784.62,392.31,Larry Brady,36.0,UK,False
4491,934.46,311.4866666666667,James Garcia,19.0,ITALY,False
4498,997.78,249.445,Allison Mcdonald,25.0,NETHERLANDS,True
4501,581.88,290.94,Lynn Guerrero,55.0,SPAIN,False
4507,732.92,366.46,Laurie Roberts,63.0,FRANCE,False
4510,900.29,225.0725,Bryan Arroyo,39.0,NETHERLANDS,False
4516,982.1,327.3666666666667,Jamie Duran,37.0,FRANCE,True
4520,1583.68,316.736,Lauren Duarte,54.0,USA,True
4527,722.94,361.47,Timothy Carpenter,75.0,USA,False
4530,577.79,192.59666666666666,Sandy Bennett,36.0,GERMANY,False
4533,681.38,340.69,Justin Garcia,63.0,UK,True
4538,971.12,323.70666666666665,Andrew Graham,71.0,FRANCE,True
4539,1046.16,261.54,Christian Archer,81.0,FRANCE,True
4541,849.16,283.05333333333334,Ann Jones,71.0,USA,True
4545,564.0799999999999,282.03999999999996,Daniel Cortez,64.0,NETHERLANDS,True
4549,559.97,186.65666666666667,Diana Turner,55.0,USA,True
4550,1010.86,336.9533333333333,Luis Patterson,36.0,FRANCE,False
4551,798.05,399.025,Corey Roberts,49.0,NETHERLANDS,False
4555,899.8199999999999,449.90999999999997,Nicole Mccoy,21.0,GERMANY,True
4558,1154.73,384.91,Jason Abbott,79.0,UK,True
4560,1035.5700000000002,258.89250000000004,James Baker,64.0,ITALY,True
4562,525.18,262.59,Lauren Horton,27.0,CANADA,True
4566,1072.47,268.1175,Chad George,78.0,GERMANY,False
4567,894.91,447.455,Michael Woods,61.0,CANADA,False
4571,724.22,362.11,Rhonda Clark,40.0,SPAIN,False
4574,734.6,367.3,Adam Johnson,51.0,UK,True
4577,699.37,233.12333333333333,James Grimes,29.0,ITALY,True
4578,718.37,359.185,Shannon Austin,34.0,FRANCE,True
4579,726.54,363.27,Anthony Mccormick III,69.0,CANADA,False
4587,754.45,377.225,Amy Sanders,52.0,FRANCE,True
4588,1277.81,425.93666666666667,Hannah Schaefer,31.0,SPAIN,False
4589,956.98,239.245,Megan Martin,64.0,USA,False
4592,516.6,258.3,Emily Taylor,31.0,USA,True
4594,889.38,444.69,William Davis,57.0,SPAIN,False
4596,586.53,195.51,Margaret Holder,48.0,NETHERLANDS,False
4597,656.04,328.02,Veronica Smith,28.0,GERMANY,False
4600,580.9,290.45,Heather Galvan,29.0,NETHERLANDS,False
4603,580.37,193.45666666666668,Charles Rodriguez,82.0,USA,True
4609,634.19,317.095,Michael Neal,21.0,UK,False
4613,845.22,281.74,Patrick Kane,28.0,UK,True
4614,881.91,220.4775,Ashley Blackburn,47.0,UK,True
4616,755.1600000000001,377.58000000000004,Nancy Rowland,82.0,CANADA,True
4623,1066.15,355.3833333333334,Richard Rivers,81.0,FRANCE,False
4625,720.75,240.25,Zachary Werner,57.0,NETHERLANDS,False
4626,682.5999999999999,341.29999999999995,Kathryn Thomas,81.0,SPAIN,False
4632,997.63,332.54333333333335,Thomas Moses,27.0,ITALY,True
4634,625.89,312.945,Heidi Jones,78.0,UK,False
4640,845.35,281.78333333333336,Jessica Willis,74.0,NETHERLANDS,False
4644,634.2,317.1,Chad Bennett,51.0,GERMANY,True
4649,804.88,201.22,Brittany Rodriguez,69.0,ITALY,True
4652,661.52,220.50666666666666,Kayla Williams,62.0,USA,True
4653,814.25,407.125,Christy Thomas,77.0,ITALY,False
4655,1107.04,221.408,Arthur Boyd,41.0,USA,False
4657,1380.8700000000001,345.21750000000003,Linda Parrish,43.0,GERMANY,True
4666,577.3299999999999,144.33249999999998,Amanda Gonzalez,22.0,UK,False
4672,1670.14,417.535,Jenna Watson,50.0,SPAIN,False
4679,1307.74,261.548,Nicholas Cunningham,24.0,FRANCE,False
4680,1143.69,190.615,Lawrence Glover,72.0,ITALY,True
4683,560.33,280.165,Karina Mendez,71.0,CANADA,False
4684,660.66,220.22,Robert Patterson,78.0,USA,False
4697,914.87,457.435,Teresa Graham,22.0,CANADA,False
4703,676.7,169.175,Beth Kirk,64.0,SPAIN,False
4706,1183.79,394.59666666666664,Colleen Padilla,81.0,UK,True
4713,604.0699999999999,201.35666666666665,Andrea David DDS,38.0,UK,False
4714,778.04,259.34666666666664,Jacqueline Olson,66.0,CANADA,True
4715,539.63,269.815,Terri May,73.0,SPAIN,False
4716,529.3399999999999,264.66999999999996,Anna Andrews,30.0,CANADA,True
4720,690.8,230.26666666666665,Jessica Hoover,30.0,GERMANY,True
4724,641.3399999999999,320.66999999999996,Laura Collins,76.0,SPAIN,False
4729,786.79,393.395,Nicholas Chung,18.0,ITALY,False
4731,745.15,248.38333333333333,Rita Miller,52.0,UK,True
4734,954.0,477.0,Michael Jones,71.0,SPAIN,True
4736,960.22,320.0733333333333,David Gallagher,37.0,NETHERLANDS,False
4738,846.64,282.2133333333333,Scott Werner,60.0,UK,False
4746,1168.81,233.762,Manuel Gomez,73.0,ITALY,False
4747,1204.36,301.09,Caitlin Cunningham,30.0,FRANCE,False
4750,1097.56,274.39,Monica Wade,38.0,GERMANY,False
4754,619.46,154.865,James Mcdaniel,37.0,UK,False
4759,835.35,278.45,Riley Knight,46.0,ITALY,False
4764,1134.82,283.705,Jessica Zamora,20.0,CANADA,False
4765,649.1,324.55,Douglas Blanchard,32.0,SPAIN,True
4766,1034.58,258.645,Jeremy Lee,33.0,CANADA,True
4771,625.29,312.645,Alexandria Vaughn,44.0,CANADA,False
4774,1370.76,342.69,Diane Jones,27.0,FRANCE,True
4779,536.6800000000001,268.34000000000003,Anthony Stuart,56.0,GERMANY,True
4781,788.22,262.74,Thomas Holloway,33.0,ITALY,True
4786,544.39,272.195,Michael Downs,21.0,CANADA,False
4792,1269.99,317.4975,Lori Stanley,28.0,FRANCE,True
4794,587.21,293.605,Brandon Smith,79.0,USA,False
4795,642.8199999999999,321.40999999999997,Andrew Jacobson,29.0,UK,False
4797,502.88,251.44,Kimberly Mcintyre,81.0,SPAIN,False
4798,788.33,394.165,Adrian Tanner,83.0,NETHERLANDS,False
4802,1075.57,268.8925,Kristine Tyler,31.0,UK,True
4804,622.03,155.5075,Norman Wise,80.0,GERMANY,True
4808,541.23,270.615,David Lucero,72.0,ITALY,True
4810,1168.13,292.0325,Robert Wilkinson,26.0,UK,True
4813,659.52,329.76,Carolyn Gomez,70.0,SPAIN,True
4815,581.06,290.53,Melissa Cunningham,68.0,GERMANY,True
4818,717.12,239.04,Laura Ford,41.0,NETHERLANDS,False
4819,845.61,281.87,Michael James,49.0,GERMANY,False
4822,1216.08,304.02,Cindy Kelley,58.0,GERMANY,False
4823,532.48,266.24,Brittney Kerr,19.0,UK,True
4824,1022.69,340.8966666666667,Regina Hill,19.0,SPAIN,True
4826,546.8199999999999,273.40999999999997,Nathan Woods,59.0,FRANCE,True
4828,789.93,263.31,Timothy Krause,54.0,USA,True
4830,1091.55,363.84999999999997,William Pena,31.0,UK,False
4831,979.8,326.59999999999997,Paul Warren,27.0,NETHERLANDS,True
4833,774.2,387.1,Christina Smith,58.0,USA,True
4834,1088.57,362.8566666666666,Morgan Anderson,43.0,SPAIN,False
4835,886.84,295.61333333333334,Anthony Giles,81.0,ITALY,False
4838,786.5,393.25,Steven Malone,33.0,UK,True
4840,751.61,187.9025,Aaron Joyce,67.0,FRANCE,False
4845,615.35,307.675,Stephen Jennings,22.0,SPAIN,False
4848,509.35,254.675,Tony Johnson,30.0,UK,True
4852,851.52,283.84,Anthony Sullivan,58.0,CANADA,False
4854,1163.37,387.78999999999996,Troy Wiley,56.0,FRANCE,True
4858,979.55,326.51666666666665,Andrew Sanford,24.0,USA,True
4859,808.8,202.2,Melinda Jacobs,35.0,GERMANY,False
4864,1053.3,263.325,Mary Gillespie,24.0,ITALY,True
4870,773.87,193.4675,Susan Dawson,35.0,ITALY,True
4872,516.7,258.35,Renee Clay,58.0,UK,False
4876,570.91,190.3033333333333,Michael Jones,53.0,ITALY,True
4877,1294.2,323.55,Sarah Rice,79.0,CANADA,True
4879,723.9200000000001,361.96000000000004,Nicholas Hendricks,55.0,CANADA,False
4889,947.24,236.81,Teresa Romero,57.0,GERMANY,True
4893,976.13,325.37666666666667,Sergio Hill,75.0,NETHERLANDS,True
4897,526.88,175.62666666666667,Jason Wilson,57.0,NETHERLANDS,False
4898,646.9,215.63333333333333,Eric Higgins,36.0,FRANCE,True
4899,553.42,276.71,Jason Barrett,31.0,USA,False
4901,1170.8799999999999,292.71999999999997,Matthew Simon,76.0,UK,True
4906,729.49,182.3725,Jessica Bullock,63.0,CANADA,False
4908,1571.16,314.232,Amber Crawford,68.0,FRANCE,True
4909,511.15999999999997,255.57999999999998,Sheila Peck,83.0,ITALY,True
4912,709.5899999999999,141.91799999999998,Kenneth Ross,30.0,GERMANY,False
4913,911.4100000000001,303.80333333333334,Cory Smith,66.0,ITALY,False
4917,825.74,275.24666666666667,Joseph Riggs,85.0,USA,False
4922,979.45,326.48333333333335,Thomas Hines,24.0,GERMANY,False
4933,642.1800000000001,321.09000000000003,Melissa Clayton,30.0,CANADA,True
4934,542.45,180.8166666666667,Rachael Perez,82.0,ITALY,False
4942,1516.73,379.1825,Lynn White,20.0,FRANCE,False
4945,1257.83,314.4575,James Gonzalez,63.0,NETHERLANDS,False
4946,879.53,219.8825,Bonnie Clark,18.0,SPAIN,True
4947,647.16,323.58,Dr. Brenda Martin,49.0,ITALY,True
4951,890.4000000000001,445.20000000000005,Lynn White PhD,36.0,CANADA,False
4953,1475.02,245.83666666666667,Gail Watson MD,60.0,CANADA,True
4954,889.73,296.57666666666665,Steven Tyler,80.0,GERMANY,False
4956,607.2,202.4,Denise Sutton,50.0,GERMANY,True
4958,587.29,293.645,Scott Dodson,63.0,ITALY,False
4961,663.47,221.15666666666667,Katie Mitchell,84.0,NETHERLANDS,False
4969,712.63,356.315,William Garza,31.0,USA,False
4970,537.3,268.65,Heather Lopez,75.0,UK,True
4973,1206.63,402.21000000000004,Kathleen Taylor,71.0,ITALY,False
4975,522.45,261.225,Mitchell Bullock,23.0,ITALY,False
4977,580.84,290.42,Troy Wells,76.0,SPAIN,False
4978,535.4300000000001,267.71500000000003,John Webb,54.0,CANADA,False
4981,758.54,379.27,Tracey Nichols,37.0,ITALY,False
4983,611.24,203.74666666666667,Teresa Cohen,80.0,GERMANY,True
4987,1164.92,388.3066666666667,Catherine Martinez,54.0,FRANCE,False
4995,1149.68,229.936,Janice Bailey,29.0,ITALY,True
4996,638.52,212.84,Dawn Rivera MD,36.0,SPAIN,True
5001,728.4,364.2,Courtney Harris,67.0,FRANCE,False
5002,1038.6399999999999,346.2133333333333,John Smith,69.0,USA,False
5005,539.47,269.735,Lisa Hendricks,73.0,USA,False
5008,1083.15,216.63000000000002,William Molina,71.0,SPAIN,True
5012,646.69,323.345,Lawrence Bass,66.0,CANADA,True
5019,518.52,259.26,Kelly Hodge,77.0,SPAIN,False
5021,647.95,323.975,Jill Brown,29.0,CANADA,False
5025,624.76,312.38,Bonnie Strickland,24.0,ITALY,False
5026,1091.57,272.8925,Andrew Ramirez,34.0,NETHERLANDS,False
5034,863.71,287.90333333333336,Kenneth Robinson,25.0,SPAIN,False
5037,562.5699999999999,281.28499999999997,Joshua Watson,81.0,CANADA,False
5039,1448.86,241.47666666666666,Michael Taylor,56.0,FRANCE,True
5040,684.45,228.15,Eric Carter,18.0,GERMANY,False
5044,523.16,174.38666666666666,Alyssa Arnold,84.0,ITALY,True
5046,845.21,211.3025,Jane Aguilar,31.0,ITALY,True
5051,856.97,285.6566666666667,Theresa Martin,41.0,USA,True
5052,1009.75,336.5833333333333,Terry Henderson,51.0,USA,False
5054,591.6700000000001,295.83500000000004,Caitlin Harris,36.0,UK,False
5057,1568.12,261.3533333333333,Crystal Robinson,83.0,SPAIN,True
5058,616.22,308.11,Jeremy Gross,78.0,NETHERLANDS,False
5059,516.4399999999999,258.21999999999997,Jessica Bryant,55.0,FRANCE,True
5066,670.1,335.05,Tiffany Anderson,54.0,SPAIN,True
5067,829.96,276.65333333333336,Judy Potts,33.0,SPAIN,True
5070,741.2,247.0666666666667,Brandi Williams,23.0,CANADA,False
5073,1005.8299999999999,251.45749999999998,Ashley Lowery,19.0,NETHERLANDS,False
5079,672.03,336.015,Amy Moore,76.0,GERMANY,True
5082,611.87,305.935,Misty Hernandez,79.0,NETHERLANDS,True
5086,728.21,242.73666666666668,Vickie Tran,62.0,GERMANY,True
5092,545.7,272.85,Nancy Merritt,47.0,CANADA,False
5093,780.23,390.115,Christopher Thomas MD,31.0,GERMANY,False
5096,1426.29,356.5725,Christopher Shelton,50.0,SPAIN,False
5108,1002.49,334.16333333333336,David Lopez,29.0,SPAIN,True
5109,503.49,251.745,Mr. Christopher Barr MD,30.0,USA,True
5115,759.96,379.98,Maurice Perkins,42.0,ITALY,True
5120,623.64,207.88,Kristen Davis,27.0,SPAIN,False
5133,671.41,223.8033333333333,Dana Edwards,51.0,NETHERLANDS,False
5134,505.85,252.925,Tina Little,22.0,ITALY,True
5140,730.47,365.235,Kim Flynn,81.0,USA,False
5143,823.1099999999999,205.77749999999997,Lucas Hernandez,28.0,NETHERLANDS,True
5152,727.02,181.755,Joseph Young,43.0,ITALY,True
5154,702.51,234.17,Robert Jackson,24.0,UK,True
5158,753.22,376.61,Stacy Macias,74.0,SPAIN,False
5160,527.51,263.755,John Mccullough,42.0,UK,True
5161,666.4,333.2,Madison Ware,73.0,ITALY,True
5167,1120.57,373.5233333333333,Monique Walker,27.0,USA,True
5170,1637.34,327.46799999999996,Alicia Cisneros,23.0,FRANCE,True
5172,1238.37,412.78999999999996,Kevin Smith,55.0,SPAIN,True
5174,1108.85,277.2125,Randy Howell,33.0,CANADA,False
5175,596.35,298.175,Tina Wilson,27.0,SPAIN,True
5183,732.32,366.16,Jordan Cunningham,70.0,SPAIN,False
5185,976.01,325.33666666666664,Mark Gallagher,44.0,USA,False
5192,1477.32,369.33,Laura Sullivan,20.0,GERMANY,False
5193,736.36,245.45333333333335,Cheryl Franklin,22.0,SPAIN,True
5195,671.6999999999999,167.92499999999998,Kelly Soto,56.0,SPAIN,False
5197,1173.74,391.24666666666667,Eileen Silva MD,67.0,ITALY,False
